restId,name_candidate,candidate_status,vote_count,selection_source
14,家乐福,商家名称候选,2,大语言模型：具体店名
15,百佳,商家名称候选,2,大语言模型：具体店名
17,好又多,商家名称候选,3,票数不少于3
24,香港,商家名称候选,4,票数不少于3
62,家乐福,商家名称候选,3,票数不少于3
63,苏宁,平台/线上商家候选,3,票数不少于3
97,三江超市,商家名称候选,3,票数不少于3
117,满记甜品,商家名称候选,2,大语言模型：具体店名
129,华联超市,商家名称候选,4,票数不少于3
133,西塔超市,商家名称候选,4,票数不少于3
134,铁百,商家名称候选,3,票数不少于3
136,国美,商家名称候选,2,大语言模型：具体店名
157,别的超市,商家名称候选,3,票数不少于3
157,麦德龙,商家名称候选,3,票数不少于3
157,别处,商家名称候选,2,大语言模型：具体店名
163,韩津城,商家名称候选,2,大语言模型：具体店名
169,家乐福,商家名称候选,2,大语言模型：具体店名
181,亚贸,商家名称候选,2,大语言模型：具体店名
196,美廉美超市,商家名称候选,2,大语言模型：具体店名
199,家乐福,商家名称候选,2,大语言模型：具体店名
199,家乐福超市,商家名称候选,2,大语言模型：具体店名
200,金源,商家名称候选,4,票数不少于3
202,海龙,商家名称候选,6,票数不少于3
202,中关村,商家名称候选,3,票数不少于3
212,国美,商家名称候选,4,票数不少于3
224,周大福,商家名称候选,2,大语言模型：具体店名
234,大明,商家名称候选,2,大语言模型：具体店名
239,国华,商家名称候选,4,票数不少于3
239,菜百,商家名称候选,2,大语言模型：具体店名
240,华堂,商家名称候选,3,票数不少于3
250,金源,商家名称候选,2,大语言模型：具体店名
273,旋转餐厅,商家名称候选,2,大语言模型：具体店名
287,中央电视塔旋转餐厅,商家名称候选,2,大语言模型：具体店名
311,伊藤,商家名称候选,4,票数不少于3
382,直港大道的德庄,商家名称候选,2,大语言模型：具体店名
408,九洲,商家名称候选,3,票数不少于3
415,乐购,商家名称候选,3,票数不少于3
418,华联吉,商家名称候选,2,大语言模型：具体店名
421,麦德龙,商家名称候选,5,票数不少于3
429,颐高,商家名称候选,3,票数不少于3
447,城市超市,商家名称候选,3,票数不少于3
451,家乐福,商家名称候选,4,票数不少于3
452,百安居,商家名称候选,3,票数不少于3
453,百安居,商家名称候选,4,票数不少于3
455,正大,商家名称候选,2,大语言模型：具体店名
493,屈臣氏,商家名称候选,4,票数不少于3
493,华联,商家名称候选,3,票数不少于3
551,淘宝,平台/线上商家候选,3,票数不少于3
574,河边,商家名称候选,3,票数不少于3
752,三叶,商家名称候选,2,大语言模型：具体店名
772,七浦路,商家名称候选,4,票数不少于3
886,华强超市,商家名称候选,2,大语言模型：具体店名
918,法宝超市,商家名称候选,2,大语言模型：具体店名
949,轻纺市场,商家名称候选,2,大语言模型：具体店名
1202,屈臣氏,商家名称候选,2,大语言模型：具体店名
1294,屈臣氏,商家名称候选,2,大语言模型：具体店名
1301,回龙观,商家名称候选,4,票数不少于3
1352,卡玛巴西烤肉,商家名称候选,2,大语言模型：具体店名
1413,辛香汇,商家名称候选,2,大语言模型：具体店名
1726,九百,商家名称候选,3,票数不少于3
1899,海上海,商家名称候选,3,票数不少于3
2014,咖喱火锅,商家名称候选,2,大语言模型：具体店名
2101,沃尔玛,商家名称候选,2,大语言模型：具体店名
2101,沃尔玛超市,商家名称候选,2,大语言模型：具体店名
2166,淘宝,平台/线上商家候选,2,大语言模型：平台/线上商家名
2230,港式火锅,商家名称候选,3,票数不少于3
2233,屈臣氏,商家名称候选,10,票数不少于3
2507,海鸥饭店,商家名称候选,2,大语言模型：具体店名
2528,淘宝,平台/线上商家候选,4,票数不少于3
2564,上海,商家名称候选,3,票数不少于3
2724,万宁,商家名称候选,3,票数不少于3
2916,淘宝,平台/线上商家候选,5,票数不少于3
3417,船屋,商家名称候选,3,票数不少于3
3639,粥底火锅,商家名称候选,5,票数不少于3
3720,山下,商家名称候选,3,票数不少于3
3765,京伦饭店,商家名称候选,3,票数不少于3
3800,此居,商家名称候选,2,大语言模型：具体店名
4031,店里,商家名称候选,3,票数不少于3
4339,热风,商家名称候选,5,票数不少于3
4404,国美,商家名称候选,5,票数不少于3
4412,上岛咖啡,商家名称候选,2,大语言模型：具体店名
4602,文峰,商家名称候选,2,大语言模型：具体店名
4661,乐宾,商家名称候选,5,票数不少于3
4732,中兴超市,商家名称候选,2,大语言模型：具体店名
4989,太湖饭店,商家名称候选,2,大语言模型：具体店名
5088,欧尚,商家名称候选,2,大语言模型：具体店名
5246,六福,商家名称候选,5,票数不少于3
5407,国际贵都大饭店,商家名称候选,3,票数不少于3
5559,淘宝,平台/线上商家候选,3,票数不少于3
5578,花园饭店,商家名称候选,2,大语言模型：具体店名
5580,华梅西餐厅,商家名称候选,3,票数不少于3
5712,国内,商家名称候选,4,票数不少于3
5712,上海,商家名称候选,3,票数不少于3
5712,国外,商家名称候选,3,票数不少于3
5712,八佰伴,商家名称候选,2,大语言模型：具体店名
5847,王府饭店,商家名称候选,2,大语言模型：具体店名
6200,凡客诚品,平台/线上商家候选,18,票数不少于3
6695,广州,商家名称候选,3,票数不少于3
6724,万达,商家名称候选,2,大语言模型：具体店名
7055,上师大食堂,商家名称候选,2,大语言模型：具体店名
7219,教育超市,商家名称候选,2,大语言模型：具体店名
7324,童涵春,商家名称候选,2,大语言模型：具体店名
7496,焦糖奶茶,商家名称候选,2,大语言模型：具体店名
7711,城隍庙,商家名称候选,3,票数不少于3
7717,苏宁,平台/线上商家候选,3,票数不少于3
7798,窄巷子酒吧,商家名称候选,2,大语言模型：具体店名
7805,辣味浓浓的老妈米线火锅,商家名称候选,2,大语言模型：具体店名
7893,同仁堂,商家名称候选,4,票数不少于3
7964,龙门,商家名称候选,4,票数不少于3
8323,海鸥饭店,商家名称候选,7,票数不少于3
8545,南京饭店,商家名称候选,2,大语言模型：具体店名
8647,1号店,平台/线上商家候选,25,票数不少于3
8647,一号店上,商家名称候选,4,票数不少于3
8746,京东,平台/线上商家候选,51,票数不少于3
8746,京东商城,商家名称候选,5,票数不少于3
8746,京东网上,商家名称候选,2,大语言模型：平台/线上商家名
8810,小乔,商家名称候选,2,大语言模型：具体店名
8986,可得网,平台/线上商家候选,7,票数不少于3
8986,三叶,商家名称候选,2,大语言模型：具体店名
8986,可得网购,商家名称候选,2,大语言模型：平台/线上商家名
9606,港式茶餐厅,商家名称候选,3,票数不少于3
9982,自动咖啡,商家名称候选,2,大语言模型：具体店名
10202,和其他的超市,商家名称候选,3,票数不少于3
10325,久光,商家名称候选,2,大语言模型：具体店名
10325,久光的超市,商家名称候选,2,大语言模型：具体店名
10350,北辰超市,商家名称候选,2,大语言模型：具体店名
10473,苏宁,平台/线上商家候选,3,票数不少于3
10649,热风,商家名称候选,2,大语言模型：具体店名
10653,满记甜品,商家名称候选,3,票数不少于3
10653,烹大师火锅,商家名称候选,3,票数不少于3
11251,同仁堂,商家名称候选,2,大语言模型：具体店名
11409,森林酒吧,商家名称候选,2,大语言模型：具体店名
11498,红星,商家名称候选,2,大语言模型：具体店名
11947,排队,商家名称候选,3,票数不少于3
12304,匡威,商家名称候选,2,大语言模型：具体店名
13026,国外,商家名称候选,3,票数不少于3
13026,新光天地,商家名称候选,2,大语言模型：具体店名
13295,御家,商家名称候选,2,大语言模型：具体店名
13869,沃尔玛超市,商家名称候选,3,票数不少于3
13933,千禧,商家名称候选,2,大语言模型：具体店名
14143,外面,商家名称候选,3,票数不少于3
14667,吉之岛,商家名称候选,3,票数不少于3
15186,法宝超市,商家名称候选,2,大语言模型：具体店名
15219,新疆饭店,商家名称候选,2,大语言模型：具体店名
15622,万达,商家名称候选,3,票数不少于3
15668,久光,商家名称候选,2,大语言模型：具体店名
16009,珂兰,商家名称候选,2,大语言模型：具体店名
16068,万宁,商家名称候选,3,票数不少于3
16244,运动品综合超市,商家名称候选,2,大语言模型：具体店名
16283,北辰,商家名称候选,2,大语言模型：具体店名
16321,都会,商家名称候选,3,票数不少于3
16321,老八样,商家名称候选,2,大语言模型：具体店名
16458,满记甜品,商家名称候选,6,票数不少于3
16519,台中大甲芋头奶茶,商家名称候选,3,票数不少于3
16519,布丁奶茶,商家名称候选,3,票数不少于3
16519,白胡子奶茶,商家名称候选,3,票数不少于3
16681,11便利店,商家名称候选,2,大语言模型：具体店名
17008,无限度,商家名称候选,3,票数不少于3
17462,家为乐火锅,商家名称候选,2,大语言模型：具体店名
17944,屈臣氏,商家名称候选,2,大语言模型：具体店名
18201,船上,商家名称候选,3,票数不少于3
18321,淘宝,平台/线上商家候选,2,大语言模型：平台/线上商家名
18695,为为网,商家名称候选,3,票数不少于3
18695,1号店,平台/线上商家候选,2,大语言模型：平台/线上商家名
18695,为为,商家名称候选,2,大语言模型：具体店名
18851,食品超市,商家名称候选,3,票数不少于3
19113,牛奶咖啡,商家名称候选,2,大语言模型：具体店名
19113,西班牙,商家名称候选,2,大语言模型：具体店名
19743,华联超市,商家名称候选,2,大语言模型：具体店名
20257,多佐料理,商家名称候选,2,大语言模型：具体店名
20280,百盛,商家名称候选,2,大语言模型：具体店名
20631,京东商城,商家名称候选,3,票数不少于3
20631,京东,平台/线上商家候选,2,大语言模型：平台/线上商家名
22471,唯品会,商家名称候选,6,票数不少于3
23308,新街口南小巷内购,商家名称候选,2,大语言模型：具体店名
24860,星游城,商家名称候选,2,大语言模型：具体店名
28369,古堡酒吧,商家名称候选,2,大语言模型：具体店名
30987,茉莉香饭店,商家名称候选,2,大语言模型：具体店名
31153,友谊,商家名称候选,2,大语言模型：具体店名
31165,百佳超市,商家名称候选,2,大语言模型：具体店名
31197,楼外楼,商家名称候选,2,大语言模型：具体店名
31231,百佳超市,商家名称候选,2,大语言模型：具体店名
31232,太阳百货,商家名称候选,3,票数不少于3
31241,苏宁,平台/线上商家候选,3,票数不少于3
31259,沃尔玛,商家名称候选,2,大语言模型：具体店名
31263,旋转餐厅,商家名称候选,9,票数不少于3
31268,欧尚超市,商家名称候选,5,票数不少于3
31268,很大的超市,商家名称候选,3,票数不少于3
31273,名典,商家名称候选,2,大语言模型：具体店名
31275,百脑汇,商家名称候选,4,票数不少于3
31276,凯旋门,商家名称候选,3,票数不少于3
31285,农家院,商家名称候选,3,票数不少于3
31314,11便利店,商家名称候选,3,票数不少于3
31314,711,商家名称候选,2,大语言模型：具体店名
31319,物美超市,商家名称候选,2,大语言模型：具体店名
31322,家乐福,商家名称候选,3,票数不少于3
31329,宜家,商家名称候选,3,票数不少于3
31329,宜家餐厅,商家名称候选,3,票数不少于3
31337,锐意,商家名称候选,2,大语言模型：具体店名
31354,赛特,商家名称候选,3,票数不少于3
31422,太平洋,商家名称候选,4,票数不少于3
31535,老庙,商家名称候选,3,票数不少于3
31536,可的,商家名称候选,4,票数不少于3
31536,可的便利店,商家名称候选,2,大语言模型：具体店名
31538,欧尚,商家名称候选,3,票数不少于3
31544,家乐福超市,商家名称候选,2,大语言模型：具体店名
31554,新世界,商家名称候选,3,票数不少于3
31554,市百一店,商家名称候选,2,大语言模型：具体店名
31557,建配龙,商家名称候选,5,票数不少于3
31561,城大,商家名称候选,3,票数不少于3
31562,世纪联华,商家名称候选,5,票数不少于3
31565,四川路店,商家名称候选,2,大语言模型：具体店名
31567,三阳,商家名称候选,3,票数不少于3
31568,恒隆,商家名称候选,2,大语言模型：具体店名
31576,城市超市,商家名称候选,7,票数不少于3
31578,百佳超市,商家名称候选,10,票数不少于3
31578,大食代,商家名称候选,2,大语言模型：具体店名
31579,百安居,商家名称候选,5,票数不少于3
31629,香港,商家名称候选,4,票数不少于3
31630,海港城,商家名称候选,4,票数不少于3
31630,二楼,商家名称候选,3,票数不少于3
31665,欧尚,商家名称候选,2,大语言模型：具体店名
31713,购书中心,商家名称候选,4,票数不少于3
31713,直通车超市,商家名称候选,2,大语言模型：具体店名
31787,上海人茶餐厅,商家名称候选,2,大语言模型：具体店名
31873,屈臣氏,商家名称候选,5,票数不少于3
31873,中关村广场,商家名称候选,2,大语言模型：具体店名
31922,不似酒吧,商家名称候选,3,票数不少于3
32008,illy咖啡,商家名称候选,2,大语言模型：具体店名
32019,伊藤,商家名称候选,2,大语言模型：具体店名
32020,什锦烧烤肉,商家名称候选,3,票数不少于3
32020,易初莲花,商家名称候选,3,票数不少于3
32139,伍缘,商家名称候选,4,票数不少于3
32139,伍缘超市,商家名称候选,2,大语言模型：具体店名
32208,专卖店,商家名称候选,3,票数不少于3
32223,0101,商家名称候选,2,大语言模型：具体店名
32223,兴隆,商家名称候选,2,大语言模型：具体店名
32422,新玛特,商家名称候选,2,大语言模型：具体店名
32433,苏宁,平台/线上商家候选,2,大语言模型：平台/线上商家名
32692,家乐福,商家名称候选,3,票数不少于3
32728,家乐福,商家名称候选,5,票数不少于3
32925,南方商城,商家名称候选,2,大语言模型：具体店名
32957,此居,商家名称候选,2,大语言模型：具体店名
33104,欧尚超市,商家名称候选,2,大语言模型：具体店名
33437,家乐福,商家名称候选,3,票数不少于3
33662,韩国超市,商家名称候选,4,票数不少于3
33662,韩国,商家名称候选,3,票数不少于3
33664,大润发,商家名称候选,3,票数不少于3
33679,迪卡侬,商家名称候选,3,票数不少于3
33708,楼上,商家名称候选,3,票数不少于3
33708,百盛,商家名称候选,2,大语言模型：具体店名
33734,京东,平台/线上商家候选,7,票数不少于3
33831,山吧,商家名称候选,3,票数不少于3
34103,首航超市,商家名称候选,2,大语言模型：具体店名
34126,吉美臣,商家名称候选,2,大语言模型：具体店名
34469,同福,商家名称候选,2,大语言模型：具体店名
34498,米兰超市,商家名称候选,4,票数不少于3
34645,国内,商家名称候选,3,票数不少于3
34657,苏州,商家名称候选,9,票数不少于3
34705,另外烤肉,商家名称候选,2,大语言模型：具体店名
34775,淘宝,平台/线上商家候选,4,票数不少于3
34877,上海,商家名称候选,4,票数不少于3
35431,物美,商家名称候选,2,大语言模型：具体店名
35431,物美超市,商家名称候选,2,大语言模型：具体店名
35451,大方饭店,商家名称候选,2,大语言模型：具体店名
35547,原因是石库门中餐厅,商家名称候选,2,大语言模型：具体店名
35572,四眼井,商家名称候选,2,大语言模型：具体店名
36198,香港,商家名称候选,3,票数不少于3
36303,楚灶王,商家名称候选,3,票数不少于3
36318,港丽餐厅,商家名称候选,2,大语言模型：具体店名
36324,临江楼,商家名称候选,2,大语言模型：具体店名
36381,很好,商家名称候选,3,票数不少于3
36750,楼上,商家名称候选,4,票数不少于3
36809,淘宝,平台/线上商家候选,2,大语言模型：平台/线上商家名
37085,物美超市,商家名称候选,2,大语言模型：具体店名
37517,苏宁,平台/线上商家候选,4,票数不少于3
37595,看个电影,商家名称候选,3,票数不少于3
37738,报刊亭,商家名称候选,4,票数不少于3
37769,青年餐厅,商家名称候选,2,大语言模型：具体店名
37843,城市超市,商家名称候选,2,大语言模型：具体店名
38052,西苑饭店,商家名称候选,4,票数不少于3
38592,万达,商家名称候选,3,票数不少于3
38592,家乐福,商家名称候选,2,大语言模型：具体店名
39157,华堂超市,商家名称候选,2,大语言模型：具体店名
39364,易买得,商家名称候选,2,大语言模型：具体店名
39604,同仁堂,商家名称候选,2,大语言模型：具体店名
39707,华普超市,商家名称候选,3,票数不少于3
40765,欧尚超市,商家名称候选,2,大语言模型：具体店名
40850,老庙,商家名称候选,3,票数不少于3
42163,流行美,商家名称候选,2,大语言模型：具体店名
42609,大润发超市,商家名称候选,9,票数不少于3
42609,大润发,商家名称候选,2,大语言模型：具体店名
43542,我买网,商家名称候选,6,票数不少于3
43542,价格比超市,商家名称候选,3,票数不少于3
43739,coco奶茶,商家名称候选,2,大语言模型：具体店名
43852,棒约翰,商家名称候选,2,大语言模型：具体店名
44079,特力屋,商家名称候选,2,大语言模型：具体店名
44334,万达,商家名称候选,2,大语言模型：具体店名
44910,淘宝,平台/线上商家候选,4,票数不少于3
45397,奥莱,商家名称候选,2,大语言模型：具体店名
45621,全家,商家名称候选,2,大语言模型：具体店名
45645,乌鲁木齐驻京办,商家名称候选,2,大语言模型：具体店名
46388,万达,商家名称候选,3,票数不少于3
46388,都可茶饮,商家名称候选,2,大语言模型：具体店名
46752,前身是时代超市,商家名称候选,3,票数不少于3
46804,上海,商家名称候选,3,票数不少于3
46958,家乐福,商家名称候选,2,大语言模型：具体店名
47279,聚美优品,商家名称候选,2,大语言模型：平台/线上商家名
47294,悠闲美地,商家名称候选,2,大语言模型：具体店名
48264,皇家奶茶,商家名称候选,2,大语言模型：具体店名
49306,淘宝,平台/线上商家候选,42,票数不少于3
49306,淘宝上面,商家名称候选,2,大语言模型：平台/线上商家名
49306,淘宝商城,商家名称候选,2,大语言模型：平台/线上商家名
49326,表叔茶餐厅,商家名称候选,2,大语言模型：具体店名
51633,喝喝咖啡,商家名称候选,4,票数不少于3
52388,花园饭店,商家名称候选,12,票数不少于3
52531,家乐福,商家名称候选,3,票数不少于3
52531,古北家乐福,商家名称候选,2,大语言模型：具体店名
53321,宽润,商家名称候选,2,大语言模型：具体店名
54017,高端超市,商家名称候选,3,票数不少于3
54017,华润万家旗下的高端超市,商家名称候选,2,大语言模型：具体店名
54552,乐购,商家名称候选,3,票数不少于3
54552,龙之梦,商家名称候选,2,大语言模型：具体店名
54781,满记甜品,商家名称候选,2,大语言模型：具体店名
56479,百联虹口,商家名称候选,2,大语言模型：具体店名
57120,必胜客,商家名称候选,2,大语言模型：具体店名
58768,君度咖啡,商家名称候选,2,大语言模型：具体店名
58886,全家,商家名称候选,12,票数不少于3
58886,全家的便利店,商家名称候选,2,大语言模型：具体店名
59679,好又多,商家名称候选,2,大语言模型：具体店名
59680,麦德龙,商家名称候选,2,大语言模型：具体店名
59681,很齐全的一家超市,商家名称候选,3,票数不少于3
59682,太平洋电脑城,商家名称候选,2,大语言模型：具体店名
59689,龙粤,商家名称候选,3,票数不少于3
59692,香港,商家名称候选,5,票数不少于3
59723,百大,商家名称候选,5,票数不少于3
59770,山姆,商家名称候选,2,大语言模型：具体店名
59772,顺电,商家名称候选,3,票数不少于3
59793,百脑汇,商家名称候选,7,票数不少于3
59795,中兴,商家名称候选,7,票数不少于3
59809,金鹰,商家名称候选,3,票数不少于3
59817,图书大厦,商家名称候选,3,票数不少于3
59837,家乐福,商家名称候选,3,票数不少于3
59855,很大的超市,商家名称候选,3,票数不少于3
59855,欧尚超市,商家名称候选,2,大语言模型：具体店名
59857,会员超市,商家名称候选,3,票数不少于3
59857,都要,商家名称候选,3,票数不少于3
59859,屈臣氏,商家名称候选,7,票数不少于3
59867,苏宁,平台/线上商家候选,6,票数不少于3
59882,天意,商家名称候选,2,大语言模型：具体店名
59887,百盛,商家名称候选,5,票数不少于3
59889,翠微,商家名称候选,3,票数不少于3
59890,楼上,商家名称候选,4,票数不少于3
59891,华联超市,商家名称候选,2,大语言模型：具体店名
59893,君太,商家名称候选,2,大语言模型：具体店名
59894,双安,商家名称候选,2,大语言模型：具体店名
59926,晋阳饭庄,商家名称候选,12,票数不少于3
59926,晋阳,商家名称候选,2,大语言模型：具体店名
59976,龙之梦,商家名称候选,2,大语言模型：具体店名
60053,福士里,商家名称候选,2,大语言模型：具体店名
60055,屈臣氏,商家名称候选,4,票数不少于3
60056,屈臣氏,商家名称候选,3,票数不少于3
60058,上海,商家名称候选,3,票数不少于3
60058,国内,商家名称候选,3,票数不少于3
60060,家乐福,商家名称候选,3,票数不少于3
60067,周大福,商家名称候选,2,大语言模型：具体店名
60071,永乐,商家名称候选,2,大语言模型：具体店名
60073,永乐,商家名称候选,5,票数不少于3
60076,金盛,商家名称候选,4,票数不少于3
60079,书店,商家名称候选,3,票数不少于3
60080,百思,商家名称候选,2,大语言模型：具体店名
60081,太平洋,商家名称候选,2,大语言模型：具体店名
60089,国美,商家名称候选,6,票数不少于3
60093,百脑汇,商家名称候选,3,票数不少于3
60095,巴黎三城,商家名称候选,3,票数不少于3
60101,香港,商家名称候选,3,票数不少于3
60122,上海,商家名称候选,4,票数不少于3
60132,屈臣氏,商家名称候选,3,票数不少于3
60186,大润发,商家名称候选,2,大语言模型：具体店名
60207,优衣库,商家名称候选,2,大语言模型：具体店名
60212,商业城,商家名称候选,7,票数不少于3
60220,沃尔玛,商家名称候选,3,票数不少于3
60305,美罗城,商家名称候选,2,大语言模型：具体店名
60401,城乡仓储大超市,商家名称候选,3,票数不少于3
60578,卓展,商家名称候选,2,大语言模型：具体店名
60606,国美,商家名称候选,2,大语言模型：具体店名
60705,上海最后居,商家名称候选,2,大语言模型：具体店名
60747,武广,商家名称候选,5,票数不少于3
60957,动物园,商家名称候选,2,大语言模型：具体店名
60958,欧尚,商家名称候选,3,票数不少于3
61063,银树酒家,商家名称候选,2,大语言模型：具体店名
61385,钻石小鸟,商家名称候选,2,大语言模型：具体店名
61459,优衣库,商家名称候选,2,大语言模型：具体店名
61609,中关村,商家名称候选,3,票数不少于3
61609,新中关,商家名称候选,3,票数不少于3
61818,家乐福,商家名称候选,2,大语言模型：具体店名
61846,三福,商家名称候选,2,大语言模型：具体店名
61978,所以饭店,商家名称候选,3,票数不少于3
62089,家乐福,商家名称候选,3,票数不少于3
62105,水上餐厅,商家名称候选,2,大语言模型：具体店名
62670,香港,商家名称候选,3,票数不少于3
62912,锦江饭店,商家名称候选,6,票数不少于3
62913,和平饭店,商家名称候选,17,票数不少于3
62975,汉拿山,商家名称候选,2,大语言模型：具体店名
62992,五爱,商家名称候选,3,票数不少于3
63109,百脑汇,商家名称候选,3,票数不少于3
63289,越南咖啡,商家名称候选,7,票数不少于3
63289,一杯咖啡,商家名称候选,2,大语言模型：具体店名
63320,儿童医院,商家名称候选,2,大语言模型：具体店名
63346,地点在乐购超市,商家名称候选,4,票数不少于3
63349,三江,商家名称候选,2,大语言模型：具体店名
63391,药店,商家名称候选,3,票数不少于3
63854,城市超市,商家名称候选,6,票数不少于3
63855,屈臣氏,商家名称候选,8,票数不少于3
64315,苏宁,平台/线上商家候选,13,票数不少于3
64896,建国饭店,商家名称候选,2,大语言模型：具体店名
65073,满记甜品,商家名称候选,2,大语言模型：具体店名
65186,华府,商家名称候选,4,票数不少于3
65186,金钱豹,商家名称候选,2,大语言模型：具体店名
65316,久光,商家名称候选,2,大语言模型：具体店名
65317,屈臣氏,商家名称候选,3,票数不少于3
65317,华联,商家名称候选,2,大语言模型：具体店名
65505,共康,商家名称候选,2,大语言模型：具体店名
65615,家乐福,商家名称候选,3,票数不少于3
65763,宜家,商家名称候选,5,票数不少于3
65902,钱柜茶餐厅,商家名称候选,3,票数不少于3
65912,满记甜品,商家名称候选,5,票数不少于3
65912,福士,商家名称候选,3,票数不少于3
65912,太兴餐厅,商家名称候选,2,大语言模型：具体店名
66007,世纪联华超市,商家名称候选,2,大语言模型：具体店名
66638,恒孚,商家名称候选,3,票数不少于3
66932,新华书店,商家名称候选,2,大语言模型：具体店名
67109,百盛,商家名称候选,2,大语言模型：具体店名
67298,国美,商家名称候选,3,票数不少于3
67437,日上,商家名称候选,3,票数不少于3
67558,新世界超市,商家名称候选,8,票数不少于3
67558,新世界的超市,商家名称候选,3,票数不少于3
67903,家乐福,商家名称候选,2,大语言模型：具体店名
68030,春之花,商家名称候选,2,大语言模型：具体店名
68097,自助餐厅,商家名称候选,3,票数不少于3
68185,当当,平台/线上商家候选,28,票数不少于3
68185,书店,商家名称候选,4,票数不少于3
68185,当当上面,商家名称候选,4,票数不少于3
68185,当当网,商家名称候选,4,票数不少于3
68185,卓越网,平台/线上商家候选,3,票数不少于3
68185,当当网上,商家名称候选,3,票数不少于3
68185,京东,平台/线上商家候选,2,大语言模型：平台/线上商家名
68185,图书大厦,商家名称候选,2,大语言模型：具体店名
68491,喝喝咖啡,商家名称候选,2,大语言模型：具体店名
68491,百思,商家名称候选,2,大语言模型：具体店名
68695,大悦城,商家名称候选,2,大语言模型：具体店名
68906,大红门,商家名称候选,2,大语言模型：具体店名
69575,屈臣氏,商家名称候选,3,票数不少于3
69575,香港,商家名称候选,3,票数不少于3
70223,沃尔玛,商家名称候选,3,票数不少于3
70263,物美超市,商家名称候选,2,大语言模型：具体店名
70292,屈臣氏,商家名称候选,4,票数不少于3
70368,东明,商家名称候选,2,大语言模型：具体店名
70467,哈哈家,商家名称候选,3,票数不少于3
70913,五道口,商家名称候选,3,票数不少于3
71018,宝大祥,商家名称候选,2,大语言模型：具体店名
71384,滋味烘焙,商家名称候选,2,大语言模型：具体店名
72039,友人,商家名称候选,2,大语言模型：具体店名
72838,电玩巴士,商家名称候选,3,票数不少于3
73157,非常手机,商家名称候选,4,票数不少于3
73514,国美,商家名称候选,2,大语言模型：具体店名
73753,休息室,商家名称候选,4,票数不少于3
73813,淘宝,平台/线上商家候选,25,票数不少于3
74047,合亚,商家名称候选,3,票数不少于3
74134,城市生活超市,商家名称候选,2,大语言模型：具体店名
74713,1819火锅,商家名称候选,2,大语言模型：具体店名
74869,5楼,商家名称候选,3,票数不少于3
74870,龙之梦,商家名称候选,3,票数不少于3
74953,龙之梦,商家名称候选,2,大语言模型：具体店名
75797,85度C,商家名称候选,2,大语言模型：具体店名
76319,物美,商家名称候选,2,大语言模型：具体店名
77081,万宁超市,商家名称候选,2,大语言模型：具体店名
77260,欧尚超市,商家名称候选,2,大语言模型：具体店名
77476,石头火锅,商家名称候选,2,大语言模型：具体店名
77476,石锅火锅,商家名称候选,2,大语言模型：具体店名
77690,永辉超市,商家名称候选,3,票数不少于3
78367,联华超市,商家名称候选,4,票数不少于3
78387,红星美凯龙,商家名称候选,2,大语言模型：具体店名
78739,恒隆,商家名称候选,2,大语言模型：具体店名
79056,城市超市,商家名称候选,2,大语言模型：具体店名
80658,香港广场,商家名称候选,2,大语言模型：具体店名
81028,上岛咖啡,商家名称候选,5,票数不少于3
81103,欧尚超市,商家名称候选,2,大语言模型：具体店名
81490,阿萨姆奶茶,商家名称候选,2,大语言模型：具体店名
81770,易买得超市,商家名称候选,2,大语言模型：具体店名
81798,青年餐厅,商家名称候选,4,票数不少于3
81798,还有家城市超市,商家名称候选,3,票数不少于3
81798,城市超市,商家名称候选,2,大语言模型：具体店名
81860,上海,商家名称候选,4,票数不少于3
81860,专柜,商家名称候选,3,票数不少于3
82084,欧尚超市,商家名称候选,2,大语言模型：具体店名
82334,大悦城,商家名称候选,3,票数不少于3
82477,京东,平台/线上商家候选,2,大语言模型：平台/线上商家名
82481,新安,商家名称候选,2,大语言模型：具体店名
83126,第一羊火锅,商家名称候选,4,票数不少于3
83661,印度奶茶,商家名称候选,5,票数不少于3
83672,万得城,商家名称候选,2,大语言模型：具体店名
83697,宜家,商家名称候选,2,大语言模型：具体店名
84559,汉通,商家名称候选,4,票数不少于3
84679,港汇,商家名称候选,2,大语言模型：具体店名
85070,贵州大厦,商家名称候选,2,大语言模型：具体店名
85328,金源时代,商家名称候选,2,大语言模型：具体店名
85898,姜汁奶茶,商家名称候选,3,票数不少于3
86615,珍珠奶茶,商家名称候选,3,票数不少于3
90710,私家碳烤肉,商家名称候选,3,票数不少于3
91421,吉之岛,商家名称候选,2,大语言模型：具体店名
91600,乐购,商家名称候选,4,票数不少于3
91604,好又多,商家名称候选,3,票数不少于3
91611,大型超市,商家名称候选,3,票数不少于3
91611,百安居,商家名称候选,2,大语言模型：具体店名
91654,物美超市,商家名称候选,3,票数不少于3
91693,海雅,商家名称候选,2,大语言模型：具体店名
91722,千盛,商家名称候选,2,大语言模型：具体店名
91723,苏宁,平台/线上商家候选,8,票数不少于3
91735,人民商场,商家名称候选,4,票数不少于3
91736,石路国际,商家名称候选,3,票数不少于3
91745,家乐福,商家名称候选,3,票数不少于3
91747,沃尔玛超市,商家名称候选,3,票数不少于3
91762,其他超市,商家名称候选,3,票数不少于3
91763,家乐福,商家名称候选,3,票数不少于3
91765,湖边烧烤,商家名称候选,2,大语言模型：具体店名
91775,华普超市,商家名称候选,2,大语言模型：具体店名
91776,普通超市,商家名称候选,3,票数不少于3
91776,华润超市,商家名称候选,2,大语言模型：具体店名
91779,美廉美,商家名称候选,2,大语言模型：具体店名
91779,美廉美超市,商家名称候选,2,大语言模型：具体店名
91786,家乐福,商家名称候选,3,票数不少于3
91787,家乐福,商家名称候选,2,大语言模型：具体店名
91788,动批,商家名称候选,2,大语言模型：具体店名
91788,动物园,商家名称候选,2,大语言模型：具体店名
91797,大中,商家名称候选,4,票数不少于3
91797,国美,商家名称候选,2,大语言模型：具体店名
91799,大中,商家名称候选,2,大语言模型：具体店名
91800,国美,商家名称候选,6,票数不少于3
91804,东鼎,商家名称候选,2,大语言模型：具体店名
91814,一杯咖啡,商家名称候选,2,大语言模型：具体店名
91816,百荣,商家名称候选,4,票数不少于3
91816,商场,商家名称候选,3,票数不少于3
91819,天意,商家名称候选,2,大语言模型：具体店名
91823,菜百,商家名称候选,16,票数不少于3
91826,华堂,商家名称候选,2,大语言模型：具体店名
91826,华堂超市,商家名称候选,2,大语言模型：具体店名
91828,美廉美超市,商家名称候选,2,大语言模型：具体店名
91874,21世纪饭店,商家名称候选,3,票数不少于3
91896,家乐福,商家名称候选,3,票数不少于3
91994,乐购,商家名称候选,2,大语言模型：具体店名
91995,老凤祥,商家名称候选,4,票数不少于3
91996,老凤祥,商家名称候选,4,票数不少于3
92002,免税店,商家名称候选,3,票数不少于3
92007,乐购,商家名称候选,3,票数不少于3
92008,家得利超市,商家名称候选,9,票数不少于3
92008,家得利,商家名称候选,5,票数不少于3
92012,麦德龙,商家名称候选,4,票数不少于3
92016,易买得,商家名称候选,3,票数不少于3
92017,易买得,商家名称候选,3,票数不少于3
92018,卜蜂莲花,商家名称候选,2,大语言模型：具体店名
92019,宜家,商家名称候选,4,票数不少于3
92020,金海马,商家名称候选,2,大语言模型：具体店名
92022,久光,商家名称候选,2,大语言模型：具体店名
92027,苏宁,平台/线上商家候选,9,票数不少于3
92027,苏宁电器,商家名称候选,3,票数不少于3
92032,新旺茶餐厅,商家名称候选,2,大语言模型：具体店名
92034,好又多,商家名称候选,2,大语言模型：具体店名
92036,真丝大王,商家名称候选,2,大语言模型：具体店名
92039,都会,商家名称候选,3,票数不少于3
92039,食品一店,商家名称候选,2,大语言模型：具体店名
92040,大润发,商家名称候选,4,票数不少于3
92041,城市超市,商家名称候选,6,票数不少于3
92045,香港,商家名称候选,5,票数不少于3
92072,好饰家,商家名称候选,2,大语言模型：具体店名
92150,家乐福,商家名称候选,3,票数不少于3
92276,上海,商家名称候选,3,票数不少于3
92330,超市发,商家名称候选,3,票数不少于3
92364,六百,商家名称候选,4,票数不少于3
92471,巴厘岛餐厅,商家名称候选,3,票数不少于3
92488,四海一家,商家名称候选,2,大语言模型：具体店名
92488,果度,商家名称候选,2,大语言模型：具体店名
92565,大润发,商家名称候选,2,大语言模型：具体店名
92652,莫劳洪玺西餐厅,商家名称候选,2,大语言模型：具体店名
92669,百佳超市,商家名称候选,2,大语言模型：具体店名
92706,武商量贩,商家名称候选,3,票数不少于3
92721,佳顺,商家名称候选,3,票数不少于3
92802,华联吉,商家名称候选,2,大语言模型：具体店名
92830,宜家,商家名称候选,8,票数不少于3
92830,宜家餐厅,商家名称候选,4,票数不少于3
92932,开心人,商家名称候选,2,大语言模型：具体店名
93185,久光,商家名称候选,2,大语言模型：具体店名
93216,娜雅咖啡,商家名称候选,2,大语言模型：具体店名
93328,新蛋,商家名称候选,10,票数不少于3
93328,新蛋上,商家名称候选,3,票数不少于3
93803,延安饭店,商家名称候选,9,票数不少于3
93862,巴克公社,商家名称候选,2,大语言模型：具体店名
94150,岛上,商家名称候选,4,票数不少于3
94289,时代超市,商家名称候选,3,票数不少于3
94289,百盛下面的超市,商家名称候选,3,票数不少于3
94289,百盛超市,商家名称候选,3,票数不少于3
94289,城市超市,商家名称候选,2,大语言模型：具体店名
94289,百盛,商家名称候选,2,大语言模型：具体店名
94350,白马,商家名称候选,3,票数不少于3
94351,淘宝,平台/线上商家候选,2,大语言模型：平台/线上商家名
94362,沃尔玛超市,商家名称候选,2,大语言模型：具体店名
94394,很多酒吧,商家名称候选,3,票数不少于3
94492,大润发,商家名称候选,2,大语言模型：具体店名
94521,上品,商家名称候选,3,票数不少于3
94547,龙之梦,商家名称候选,3,票数不少于3
94653,上海,商家名称候选,5,票数不少于3
94653,中国,商家名称候选,3,票数不少于3
94653,香港,商家名称候选,3,票数不少于3
95187,汇宝,商家名称候选,2,大语言模型：具体店名
95279,还有甜品,商家名称候选,4,票数不少于3
95289,苏宁,平台/线上商家候选,3,票数不少于3
95313,曹庄子,商家名称候选,2,大语言模型：具体店名
95416,傣妹火锅,商家名称候选,2,大语言模型：具体店名
95518,城隍庙,商家名称候选,5,票数不少于3
95568,大润发,商家名称候选,2,大语言模型：具体店名
95634,满记甜品,商家名称候选,3,票数不少于3
95634,华联超市,商家名称候选,2,大语言模型：具体店名
95675,屈臣氏,商家名称候选,3,票数不少于3
95872,丝芙兰,商家名称候选,3,票数不少于3
95905,旋转餐厅,商家名称候选,6,票数不少于3
96067,长城饭店,商家名称候选,2,大语言模型：具体店名
96156,屈臣氏,商家名称候选,3,票数不少于3
96290,淘宝,平台/线上商家候选,4,票数不少于3
96758,易迅网,平台/线上商家候选,14,票数不少于3
96758,易讯,商家名称候选,4,票数不少于3
96758,京东,平台/线上商家候选,3,票数不少于3
96758,易讯上,商家名称候选,3,票数不少于3
97057,淘宝,平台/线上商家候选,2,大语言模型：平台/线上商家名
97156,迪信通,商家名称候选,4,票数不少于3
97198,傣妹,商家名称候选,2,大语言模型：具体店名
97208,淘宝,平台/线上商家候选,6,票数不少于3
97553,玛莎西餐厅,商家名称候选,2,大语言模型：具体店名
97591,喝喝咖啡,商家名称候选,2,大语言模型：具体店名
97813,淘宝,平台/线上商家候选,2,大语言模型：平台/线上商家名
98023,美廉美超市,商家名称候选,2,大语言模型：具体店名
98102,屈臣氏,商家名称候选,2,大语言模型：具体店名
98164,沃尔玛超市,商家名称候选,2,大语言模型：具体店名
98173,苏宁,平台/线上商家候选,5,票数不少于3
98173,永乐,商家名称候选,2,大语言模型：具体店名
98220,新东新,商家名称候选,5,票数不少于3
98335,易买得超市,商家名称候选,2,大语言模型：具体店名
98335,满级甜品,商家名称候选,2,大语言模型：具体店名
98335,满记甜品,商家名称候选,2,大语言模型：具体店名
98460,十九涌,商家名称候选,5,票数不少于3
98465,专柜,商家名称候选,3,票数不少于3
98671,迪信通,商家名称候选,2,大语言模型：具体店名
98805,大脚丫,商家名称候选,2,大语言模型：具体店名
98884,山上,商家名称候选,3,票数不少于3
98987,家乐福,商家名称候选,2,大语言模型：具体店名
100215,周大福,商家名称候选,2,大语言模型：具体店名
100677,淘宝,平台/线上商家候选,6,票数不少于3
100806,淘宝,平台/线上商家候选,6,票数不少于3
100985,巴西烤肉,商家名称候选,2,大语言模型：具体店名
101002,延安饭店,商家名称候选,4,票数不少于3
101092,宜家,商家名称候选,3,票数不少于3
101092,都会,商家名称候选,2,大语言模型：具体店名
101104,宝岛,商家名称候选,3,票数不少于3
101108,翠贝卡,商家名称候选,2,大语言模型：具体店名
101135,十九涌,商家名称候选,3,票数不少于3
101135,市场,商家名称候选,3,票数不少于3
101717,四季坊,商家名称候选,2,大语言模型：具体店名
101862,星光,商家名称候选,2,大语言模型：具体店名
102374,家乐福超市,商家名称候选,3,票数不少于3
102532,欧尚超市,商家名称候选,3,票数不少于3
102536,华冠,商家名称候选,2,大语言模型：具体店名
102692,卓越网,平台/线上商家候选,21,票数不少于3
102692,当当,平台/线上商家候选,3,票数不少于3
102692,卓越亚马逊,商家名称候选,2,大语言模型：平台/线上商家名
103405,优衣库,商家名称候选,3,票数不少于3
103452,苏州,商家名称候选,6,票数不少于3
103452,想去苏州,商家名称候选,3,票数不少于3
103606,天天,商家名称候选,5,票数不少于3
103955,联华超市,商家名称候选,2,大语言模型：具体店名
104023,价格比超市,商家名称候选,3,票数不少于3
104023,天天果园,商家名称候选,2,大语言模型：具体店名
104551,屈臣氏,商家名称候选,5,票数不少于3
104644,扬子饭店,商家名称候选,2,大语言模型：具体店名
104660,吉之岛,商家名称候选,2,大语言模型：具体店名
104986,小小的咖啡,商家名称候选,2,大语言模型：具体店名
105214,实体店,商家名称候选,4,票数不少于3
105302,正大,商家名称候选,2,大语言模型：具体店名
105674,万达,商家名称候选,3,票数不少于3
105674,万达里,商家名称候选,3,票数不少于3
105943,国内,商家名称候选,3,票数不少于3
106044,兰笋山庄,商家名称候选,2,大语言模型：具体店名
106370,家乐福,商家名称候选,4,票数不少于3
106722,11便利店,商家名称候选,3,票数不少于3
106739,光明饭店,商家名称候选,4,票数不少于3
107233,河北饭店,商家名称候选,2,大语言模型：具体店名
107241,只有奶茶,商家名称候选,2,大语言模型：具体店名
107386,现场,商家名称候选,3,票数不少于3
107462,欧尚,商家名称候选,2,大语言模型：具体店名
107921,半岛,商家名称候选,3,票数不少于3
108021,中国黄金,商家名称候选,2,大语言模型：具体店名
108079,家乐福超市,商家名称候选,2,大语言模型：具体店名
108099,沃尔玛超市,商家名称候选,5,票数不少于3
108710,北辰,商家名称候选,3,票数不少于3
108778,华润万家超市,商家名称候选,2,大语言模型：具体店名
109116,蓝色港湾的酒吧,商家名称候选,3,票数不少于3
109199,全家,商家名称候选,4,票数不少于3
109307,11便利店,商家名称候选,2,大语言模型：具体店名
109582,多膳客火锅,商家名称候选,4,票数不少于3
109957,山姆,商家名称候选,2,大语言模型：具体店名
109964,2楼的谷乐滋,商家名称候选,2,大语言模型：具体店名
110280,都恩客,商家名称候选,2,大语言模型：具体店名
110550,爱婴室,商家名称候选,2,大语言模型：具体店名
110875,全家,商家名称候选,5,票数不少于3
110976,大货栈,商家名称候选,2,大语言模型：具体店名
111501,嘉茂,商家名称候选,4,票数不少于3
111588,自助火锅,商家名称候选,5,票数不少于3
111634,乐购,商家名称候选,2,大语言模型：具体店名
111985,太平洋咖啡,商家名称候选,2,大语言模型：具体店名
112097,龙之梦,商家名称候选,2,大语言模型：具体店名
112366,大悦城,商家名称候选,3,票数不少于3
112366,外婆家,商家名称候选,2,大语言模型：具体店名
112459,广州酒家,商家名称候选,3,票数不少于3
112665,母婴之家,商家名称候选,3,票数不少于3
113297,上海,商家名称候选,3,票数不少于3
114130,油切奶茶,商家名称候选,3,票数不少于3
115429,永辉超市,商家名称候选,2,大语言模型：具体店名
115766,旋转餐厅,商家名称候选,2,大语言模型：具体店名
115833,国际饭店,商家名称候选,18,票数不少于3
115993,浦江饭店,商家名称候选,9,票数不少于3
115993,浦江饭店是上海的老饭店,商家名称候选,3,票数不少于3
116021,沧浪亭,商家名称候选,2,大语言模型：具体店名
116027,新加坡,商家名称候选,3,票数不少于3
116244,武汉,商家名称候选,3,票数不少于3
119185,新旺,商家名称候选,2,大语言模型：具体店名
119457,秦妈火锅,商家名称候选,2,大语言模型：具体店名
121225,一楼太阳阁西餐厅,商家名称候选,2,大语言模型：具体店名
122572,翡冷翠,商家名称候选,3,票数不少于3
122699,天河城百货,商家名称候选,2,大语言模型：具体店名
122700,屈臣氏,商家名称候选,5,票数不少于3
122701,百佳,商家名称候选,6,票数不少于3
122701,百佳超市,商家名称候选,2,大语言模型：具体店名
122702,好又多,商家名称候选,3,票数不少于3
122703,宜家,商家名称候选,3,票数不少于3
122711,购书中心,商家名称候选,2,大语言模型：具体店名
122736,欧尚超市,商家名称候选,5,票数不少于3
122736,欧尚,商家名称候选,3,票数不少于3
122740,银时代,商家名称候选,2,大语言模型：具体店名
122741,银泰,商家名称候选,4,票数不少于3
122797,天虹,商家名称候选,2,大语言模型：具体店名
122801,家乐福,商家名称候选,2,大语言模型：具体店名
122805,香港,商家名称候选,6,票数不少于3
122826,百盛,商家名称候选,3,票数不少于3
122839,华东装饰城,商家名称候选,2,大语言模型：具体店名
122840,新华书店,商家名称候选,6,票数不少于3
122841,友通,商家名称候选,3,票数不少于3
122866,通灵,商家名称候选,4,票数不少于3
122887,京客隆超市,商家名称候选,2,大语言模型：具体店名
122889,物美超市,商家名称候选,2,大语言模型：具体店名
122893,屈臣氏,商家名称候选,4,票数不少于3
122904,集美,商家名称候选,2,大语言模型：具体店名
122922,西单,商家名称候选,4,票数不少于3
122943,农家院,商家名称候选,2,大语言模型：具体店名
122970,淘宝,平台/线上商家候选,2,大语言模型：平台/线上商家名
122977,王府井,商家名称候选,3,票数不少于3
122998,和平饭店,商家名称候选,3,票数不少于3
123011,新天地,商家名称候选,3,票数不少于3
123063,欧尚超市,商家名称候选,6,票数不少于3
123063,欧尚,商家名称候选,4,票数不少于3
123066,乐购,商家名称候选,2,大语言模型：具体店名
123068,家乐福,商家名称候选,2,大语言模型：具体店名
123069,家乐福,商家名称候选,4,票数不少于3
123074,周生生,商家名称候选,4,票数不少于3
123078,香港,商家名称候选,4,票数不少于3
123078,国内,商家名称候选,3,票数不少于3
123086,好又多超市,商家名称候选,3,票数不少于3
123086,好又多,商家名称候选,2,大语言模型：具体店名
123093,城市超市,商家名称候选,7,票数不少于3
123109,国内,商家名称候选,3,票数不少于3
123120,西郊百联,商家名称候选,2,大语言模型：具体店名
123123,丝芙兰,商家名称候选,5,票数不少于3
123123,专柜,商家名称候选,4,票数不少于3
123148,百老汇,商家名称候选,2,大语言模型：具体店名
123168,辛巴克,商家名称候选,2,大语言模型：具体店名
123182,百安居,商家名称候选,2,大语言模型：具体店名
123185,最后的甜品,商家名称候选,2,大语言模型：具体店名
123378,龙之梦,商家名称候选,4,票数不少于3
123378,家乐福,商家名称候选,3,票数不少于3
123385,屈臣氏,商家名称候选,2,大语言模型：具体店名
123420,超市发,商家名称候选,3,票数不少于3
123764,珍珠奶茶,商家名称候选,5,票数不少于3
124075,苏宁,平台/线上商家候选,6,票数不少于3
124297,淘宝,平台/线上商家候选,2,大语言模型：平台/线上商家名
124608,五角场,商家名称候选,4,票数不少于3
124608,沃尔玛超市,商家名称候选,2,大语言模型：具体店名
124615,苏宁,平台/线上商家候选,7,票数不少于3
124615,永乐,商家名称候选,2,大语言模型：具体店名
124685,远东,商家名称候选,4,票数不少于3
124717,东方书报亭,商家名称候选,3,票数不少于3
124760,平价药店,商家名称候选,2,大语言模型：具体店名
124839,宝山,商家名称候选,3,票数不少于3
124839,黄金广场,商家名称候选,3,票数不少于3
124865,港式茶餐厅,商家名称候选,2,大语言模型：具体店名
124878,火车站,商家名称候选,5,票数不少于3
124878,代售点,商家名称候选,4,票数不少于3
124878,火车票代售点,商家名称候选,2,大语言模型：具体店名
124943,哪里,商家名称候选,3,票数不少于3
124966,热风,商家名称候选,4,票数不少于3
125366,家乐福,商家名称候选,3,票数不少于3
125372,好又多,商家名称候选,4,票数不少于3
125372,迷你火锅,商家名称候选,2,大语言模型：具体店名
125641,宏村,商家名称候选,3,票数不少于3
125664,伊势丹,商家名称候选,3,票数不少于3
126471,宝大祥,商家名称候选,2,大语言模型：具体店名
126883,福泰,商家名称候选,2,大语言模型：具体店名
126886,中友,商家名称候选,2,大语言模型：具体店名
127088,免税店,商家名称候选,3,票数不少于3
127137,周大福,商家名称候选,5,票数不少于3
127137,香港,商家名称候选,5,票数不少于3
127149,香港,商家名称候选,4,票数不少于3
127160,法宝超市,商家名称候选,3,票数不少于3
127162,凯宾斯基饭店,商家名称候选,2,大语言模型：具体店名
127178,淘宝,平台/线上商家候选,4,票数不少于3
127417,华忆百货,商家名称候选,3,票数不少于3
127417,华忆,商家名称候选,2,大语言模型：具体店名
127476,金陵大饭店,商家名称候选,2,大语言模型：具体店名
127766,金源,商家名称候选,4,票数不少于3
127777,淘宝,平台/线上商家候选,3,票数不少于3
127894,越南奶茶,商家名称候选,2,大语言模型：具体店名
127912,好宜,商家名称候选,2,大语言模型：具体店名
127912,眼镜超市,商家名称候选,2,大语言模型：具体店名
127994,淘宝,平台/线上商家候选,2,大语言模型：平台/线上商家名
128029,不过超市,商家名称候选,2,大语言模型：具体店名
128029,乐购,商家名称候选,2,大语言模型：具体店名
128384,热风,商家名称候选,2,大语言模型：具体店名
128507,周大福,商家名称候选,5,票数不少于3
128695,家乐福,商家名称候选,2,大语言模型：具体店名
128873,百佳超市,商家名称候选,2,大语言模型：具体店名
129056,国际饭店,商家名称候选,2,大语言模型：具体店名
129056,旋转餐厅,商家名称候选,2,大语言模型：具体店名
129269,万达,商家名称候选,4,票数不少于3
129362,北京饭店,商家名称候选,20,票数不少于3
129527,浦江饭店,商家名称候选,8,票数不少于3
129758,麦当劳,商家名称候选,2,大语言模型：具体店名
130543,和合谷,商家名称候选,2,大语言模型：具体店名
130566,海鲜城,商家名称候选,2,大语言模型：具体店名
130603,易买得超市,商家名称候选,3,票数不少于3
130603,有易,商家名称候选,3,票数不少于3
130603,毛家饭店,商家名称候选,2,大语言模型：具体店名
130656,德宝饭店,商家名称候选,2,大语言模型：具体店名
130950,傣妹火锅,商家名称候选,3,票数不少于3
131321,全家,商家名称候选,11,票数不少于3
131321,广州的全家便利店,商家名称候选,2,大语言模型：具体店名
131672,后海的酒吧,商家名称候选,3,票数不少于3
132243,星游城,商家名称候选,2,大语言模型：具体店名
132408,新旺茶餐厅,商家名称候选,4,票数不少于3
132408,新旺,商家名称候选,3,票数不少于3
132803,中关村,商家名称候选,3,票数不少于3
132803,科贸,商家名称候选,2,大语言模型：具体店名
133253,淘宝,平台/线上商家候选,2,大语言模型：平台/线上商家名
133258,俄罗斯餐厅,商家名称候选,3,票数不少于3
133368,昆仑饭店,商家名称候选,7,票数不少于3
133368,老牌饭店,商家名称候选,2,大语言模型：具体店名
133384,喝喝咖啡,商家名称候选,2,大语言模型：具体店名
133628,11便利店,商家名称候选,4,票数不少于3
133888,淘宝,平台/线上商家候选,2,大语言模型：平台/线上商家名
134152,双拼奶茶,商家名称候选,7,票数不少于3
134152,布丁奶茶,商家名称候选,7,票数不少于3
134152,珍珠奶茶,商家名称候选,4,票数不少于3
134152,COCO奶茶,商家名称候选,2,大语言模型：具体店名
134152,COCO的奶茶,商家名称候选,2,大语言模型：具体店名
134200,啵拿咖啡,商家名称候选,2,大语言模型：具体店名
134394,香港老饭店,商家名称候选,2,大语言模型：具体店名
134506,上海,商家名称候选,5,票数不少于3
134506,日本,商家名称候选,4,票数不少于3
134506,福士,商家名称候选,2,大语言模型：具体店名
134843,嘉茂,商家名称候选,3,票数不少于3
134994,罗宾森,商家名称候选,2,大语言模型：具体店名
135248,京东,平台/线上商家候选,3,票数不少于3
135377,龙之梦,商家名称候选,2,大语言模型：具体店名
135629,调频壹,商家名称候选,2,大语言模型：具体店名
135693,打算,商家名称候选,3,票数不少于3
135693,百脑汇,商家名称候选,2,大语言模型：具体店名
135760,迪美,商家名称候选,2,大语言模型：具体店名
135820,建国饭店,商家名称候选,5,票数不少于3
135881,都会,商家名称候选,2,大语言模型：具体店名
135991,北海道奶茶,商家名称候选,9,票数不少于3
136528,乐蜂网,商家名称候选,2,大语言模型：平台/线上商家名
136528,乐蜂网上,商家名称候选,2,大语言模型：平台/线上商家名
136528,淘宝,平台/线上商家候选,2,大语言模型：平台/线上商家名
136547,后海酒吧,商家名称候选,2,大语言模型：具体店名
136596,山姆,商家名称候选,3,票数不少于3
137049,卓越网,平台/线上商家候选,13,票数不少于3
137049,亚马逊,商家名称候选,2,大语言模型：平台/线上商家名
137371,红辣椒,商家名称候选,3,票数不少于3
137496,家乐福,商家名称候选,3,票数不少于3
137578,万达,商家名称候选,2,大语言模型：具体店名
137802,大悦城,商家名称候选,2,大语言模型：具体店名
138881,华堂超市,商家名称候选,2,大语言模型：具体店名
138916,宜家,商家名称候选,4,票数不少于3
138916,宜家餐厅,商家名称候选,2,大语言模型：具体店名
139271,乐淘,商家名称候选,2,大语言模型：具体店名
139271,乐淘网上,商家名称候选,2,大语言模型：平台/线上商家名
139357,苏宁,平台/线上商家候选,2,大语言模型：平台/线上商家名
139865,圣摩珂咖啡,商家名称候选,2,大语言模型：具体店名
140476,港式奶茶,商家名称候选,3,票数不少于3
141170,BLT超市,商家名称候选,2,大语言模型：具体店名
141355,11便利店,商家名称候选,3,票数不少于3
141795,京东,平台/线上商家候选,8,票数不少于3
143104,古北家乐福,商家名称候选,2,大语言模型：具体店名
143229,乐宾,商家名称候选,3,票数不少于3
144425,正大,商家名称候选,2,大语言模型：具体店名
144542,大拇指广场,商家名称候选,3,票数不少于3
144781,建银饭店,商家名称候选,2,大语言模型：具体店名
145920,无限度,商家名称候选,6,票数不少于3
147966,招牌奶茶,商家名称候选,5,票数不少于3
147966,街客,商家名称候选,2,大语言模型：具体店名
148214,天都火锅,商家名称候选,4,票数不少于3
148214,一楼,商家名称候选,3,票数不少于3
149099,和平饭店,商家名称候选,5,票数不少于3
149172,鸿运,商家名称候选,3,票数不少于3
151405,平和堂,商家名称候选,2,大语言模型：具体店名
151413,家乐福,商家名称候选,3,票数不少于3
151413,家乐福超市,商家名称候选,2,大语言模型：具体店名
151414,百佳超市,商家名称候选,6,票数不少于3
151415,好又多,商家名称候选,2,大语言模型：具体店名
151424,苏宁,平台/线上商家候选,8,票数不少于3
151424,国美,商家名称候选,2,大语言模型：具体店名
151424,苏宁购,商家名称候选,2,大语言模型：平台/线上商家名
151458,衣之家,商家名称候选,2,大语言模型：具体店名
151493,麦德龙,商家名称候选,3,票数不少于3
151494,苏宁,平台/线上商家候选,2,大语言模型：平台/线上商家名
151522,牛厨,商家名称候选,2,大语言模型：具体店名
151531,中英街,商家名称候选,4,票数不少于3
151536,家乐福,商家名称候选,2,大语言模型：具体店名
151551,家门口的超市,商家名称候选,3,票数不少于3
151552,乐购,商家名称候选,2,大语言模型：具体店名
151593,华普超市,商家名称候选,4,票数不少于3
151595,离家最近的超市,商家名称候选,4,票数不少于3
151597,美廉美超市,商家名称候选,2,大语言模型：具体店名
151600,中关村,商家名称候选,4,票数不少于3
151600,鼎好,商家名称候选,3,票数不少于3
151606,国美,商家名称候选,2,大语言模型：具体店名
151626,北辰超市,商家名称候选,2,大语言模型：具体店名
151630,华堂超市,商家名称候选,2,大语言模型：具体店名
151631,蓝岛,商家名称候选,2,大语言模型：具体店名
151635,中友,商家名称候选,2,大语言模型：具体店名
151640,此居,商家名称候选,2,大语言模型：具体店名
151728,朱家角,商家名称候选,2,大语言模型：具体店名
151757,旧上海的咖啡,商家名称候选,3,票数不少于3
151813,热风,商家名称候选,2,大语言模型：具体店名
151814,香港,商家名称候选,8,票数不少于3
151815,上海,商家名称候选,3,票数不少于3
151817,农工商,商家名称候选,2,大语言模型：具体店名
151821,家乐福超市,商家名称候选,3,票数不少于3
151834,沃尔玛,商家名称候选,4,票数不少于3
151836,月星,商家名称候选,3,票数不少于3
151837,苏宁,平台/线上商家候选,2,大语言模型：平台/线上商家名
151843,好德,商家名称候选,6,票数不少于3
151851,帮宝宝,商家名称候选,2,大语言模型：具体店名
151852,还有超市,商家名称候选,4,票数不少于3
151852,百联西郊,商家名称候选,3,票数不少于3
151853,百安居,商家名称候选,2,大语言模型：具体店名
151870,日本,商家名称候选,3,票数不少于3
151873,永辉超市,商家名称候选,2,大语言模型：具体店名
151881,首航超市,商家名称候选,4,票数不少于3
151902,热风,商家名称候选,3,票数不少于3
151940,永乐,商家名称候选,4,票数不少于3
151984,新亚,商家名称候选,4,票数不少于3
152006,丝芙兰,商家名称候选,2,大语言模型：具体店名
152164,翠宫饭店,商家名称候选,2,大语言模型：具体店名
152168,方庄,商家名称候选,3,票数不少于3
152184,大洋,商家名称候选,2,大语言模型：具体店名
152278,老川鲁,商家名称候选,2,大语言模型：具体店名
152280,百盛,商家名称候选,2,大语言模型：具体店名
152338,世纪金源大饭店,商家名称候选,2,大语言模型：具体店名
152429,母婴之家,商家名称候选,4,票数不少于3
152447,家乐福,商家名称候选,3,票数不少于3
152780,迪卡侬,商家名称候选,3,票数不少于3
153119,屈臣氏,商家名称候选,2,大语言模型：具体店名
153130,山上,商家名称候选,4,票数不少于3
153479,盘古烤肉,商家名称候选,2,大语言模型：具体店名
153568,淘宝,平台/线上商家候选,2,大语言模型：平台/线上商家名
153626,巴西烤肉,商家名称候选,6,票数不少于3
153835,商务中心,商家名称候选,6,票数不少于3
153921,家乐福超市,商家名称候选,2,大语言模型：具体店名
153987,药店,商家名称候选,3,票数不少于3
154001,李公堤,商家名称候选,2,大语言模型：具体店名
154159,华臣,商家名称候选,2,大语言模型：具体店名
154303,大石家私城,商家名称候选,2,大语言模型：具体店名
154329,家乐福,商家名称候选,5,票数不少于3
154329,稻香,商家名称候选,2,大语言模型：具体店名
154475,老街,商家名称候选,2,大语言模型：具体店名
154731,梅家坞,商家名称候选,2,大语言模型：具体店名
154773,新錦江,商家名称候选,2,大语言模型：具体店名
154773,旋转餐厅,商家名称候选,2,大语言模型：具体店名
154829,乐购,商家名称候选,2,大语言模型：具体店名
154911,物美超市,商家名称候选,3,票数不少于3
154911,不过超市,商家名称候选,2,大语言模型：具体店名
154911,家乐福,商家名称候选,2,大语言模型：具体店名
155143,山上,商家名称候选,4,票数不少于3
155220,沃尔玛,商家名称候选,2,大语言模型：具体店名
155330,巴黎春天,商家名称候选,2,大语言模型：具体店名
155330,盘古烤肉,商家名称候选,2,大语言模型：具体店名
155516,的时候,商家名称候选,3,票数不少于3
155926,龙之梦,商家名称候选,2,大语言模型：具体店名
156009,日本,商家名称候选,3,票数不少于3
156172,海叙厅及大堂茵欣咖啡,商家名称候选,2,大语言模型：具体店名
156253,诺基亚专卖店,商家名称候选,2,大语言模型：具体店名
156335,湖滨饭店,商家名称候选,3,票数不少于3
156455,女人街,商家名称候选,2,大语言模型：具体店名
156472,物美超市,商家名称候选,2,大语言模型：具体店名
156508,喝喝咖啡,商家名称候选,2,大语言模型：具体店名
156512,吉之岛超市,商家名称候选,3,票数不少于3
156512,吉之岛,商家名称候选,2,大语言模型：具体店名
156538,农工商超市,商家名称候选,4,票数不少于3
156619,家乐福超市,商家名称候选,2,大语言模型：具体店名
156629,银泰,商家名称候选,2,大语言模型：具体店名
156876,正大,商家名称候选,2,大语言模型：具体店名
156901,家乐福,商家名称候选,2,大语言模型：具体店名
157160,莎莎,商家名称候选,2,大语言模型：具体店名
157540,大宁,商家名称候选,2,大语言模型：具体店名
157568,苏宁,平台/线上商家候选,4,票数不少于3
157764,北京饭店,商家名称候选,2,大语言模型：具体店名
157780,广州酒家,商家名称候选,4,票数不少于3
157780,上下九,商家名称候选,2,大语言模型：具体店名
157782,价格比超市,商家名称候选,3,票数不少于3
157977,友通,商家名称候选,2,大语言模型：具体店名
158016,上海的墓地即现在的霍山公园,商家名称候选,3,票数不少于3
158060,中国大饭店,商家名称候选,6,票数不少于3
158125,避风塘奶茶,商家名称候选,2,大语言模型：具体店名
158291,淘宝,平台/线上商家候选,2,大语言模型：平台/线上商家名
158618,卓越网,平台/线上商家候选,3,票数不少于3
158618,京东,平台/线上商家候选,2,大语言模型：平台/线上商家名
158618,麦当劳,商家名称候选,2,大语言模型：具体店名
159151,卓悦,商家名称候选,2,大语言模型：具体店名
159198,新城饭店,商家名称候选,2,大语言模型：具体店名
159201,九星,商家名称候选,7,票数不少于3
160047,百思,商家名称候选,2,大语言模型：具体店名
160165,家乐福,商家名称候选,2,大语言模型：具体店名
160970,淘宝,平台/线上商家候选,2,大语言模型：平台/线上商家名
161524,正大广场,商家名称候选,2,大语言模型：具体店名
161795,国大药房,商家名称候选,3,票数不少于3
162313,永辉超市,商家名称候选,5,票数不少于3
162678,京东,平台/线上商家候选,2,大语言模型：平台/线上商家名
162774,江湖烤肉,商家名称候选,3,票数不少于3
162774,纸上烤肉,商家名称候选,2,大语言模型：具体店名
163025,乐购,商家名称候选,5,票数不少于3
163234,龙之梦,商家名称候选,2,大语言模型：具体店名
163660,优衣库,商家名称候选,2,大语言模型：具体店名
164316,花园饭店,商家名称候选,3,票数不少于3
164434,摩卡咖啡,商家名称候选,3,票数不少于3
165135,国泰,商家名称候选,3,票数不少于3
165491,国内,商家名称候选,3,票数不少于3
166168,青年餐厅,商家名称候选,4,票数不少于3
166173,百联,商家名称候选,2,大语言模型：具体店名
166354,COCO奶茶,商家名称候选,2,大语言模型：具体店名
166432,满记甜品,商家名称候选,2,大语言模型：具体店名
166508,世纪联华,商家名称候选,2,大语言模型：具体店名
166509,丽都饭店,商家名称候选,2,大语言模型：具体店名
167200,万达,商家名称候选,2,大语言模型：具体店名
167301,大润发,商家名称候选,3,票数不少于3
167476,广州酒家,商家名称候选,14,票数不少于3
167476,南信甜品,商家名称候选,3,票数不少于3
167661,满记甜品,商家名称候选,4,票数不少于3
167661,外婆家,商家名称候选,2,大语言模型：具体店名
167686,当当,平台/线上商家候选,4,票数不少于3
167686,1号店,平台/线上商家候选,3,票数不少于3
167810,国美国顺路店购,商家名称候选,2,大语言模型：具体店名
167878,群光,商家名称候选,2,大语言模型：具体店名
168357,全家,商家名称候选,2,大语言模型：具体店名
168947,日月光,商家名称候选,2,大语言模型：具体店名
169119,美团上,商家名称候选,2,大语言模型：平台/线上商家名
169172,淘宝,平台/线上商家候选,2,大语言模型：平台/线上商家名
169360,洋葱餐厅,商家名称候选,3,票数不少于3
169394,寿司王子,商家名称候选,2,大语言模型：具体店名
170270,大商,商家名称候选,2,大语言模型：具体店名
170307,胖乐乐火锅,商家名称候选,2,大语言模型：具体店名
170798,附庸风雅滴咖啡,商家名称候选,2,大语言模型：具体店名
171331,圣熙8号,商家名称候选,2,大语言模型：具体店名
171338,国际饭店,商家名称候选,4,票数不少于3
171641,进口超市,商家名称候选,3,票数不少于3
173459,城市超市,商家名称候选,10,票数不少于3
174019,1号店,平台/线上商家候选,7,票数不少于3
174088,百盛,商家名称候选,3,票数不少于3
176494,海鸥饭店,商家名称候选,3,票数不少于3
177555,广州,商家名称候选,4,票数不少于3
179711,龙之梦大超市,商家名称候选,2,大语言模型：具体店名
179711,龙之梦超市,商家名称候选,2,大语言模型：具体店名
181297,整个饭店,商家名称候选,3,票数不少于3
181853,一心烤肉,商家名称候选,2,大语言模型：具体店名
182459,芒果咖啡,商家名称候选,3,票数不少于3
182637,粥底火锅,商家名称候选,3,票数不少于3
183244,美京,商家名称候选,2,大语言模型：具体店名
183255,沃尔玛,商家名称候选,2,大语言模型：具体店名
183255,沃尔玛超市,商家名称候选,2,大语言模型：具体店名
183258,果度,商家名称候选,3,票数不少于3
183258,友谊,商家名称候选,2,大语言模型：具体店名
183260,好又多,商家名称候选,3,票数不少于3
183268,货仓式超市,商家名称候选,3,票数不少于3
183268,易初莲花,商家名称候选,2,大语言模型：具体店名
183268,都会,商家名称候选,2,大语言模型：具体店名
183280,泮溪酒家,商家名称候选,2,大语言模型：具体店名
183282,誉峰,商家名称候选,2,大语言模型：具体店名
183301,联华,商家名称候选,2,大语言模型：具体店名
183302,苏宁,平台/线上商家候选,2,大语言模型：平台/线上商家名
183307,书店,商家名称候选,3,票数不少于3
183307,当当,平台/线上商家候选,2,大语言模型：平台/线上商家名
183317,上海旅游集散中心,商家名称候选,2,大语言模型：具体店名
183345,大观,商家名称候选,2,大语言模型：具体店名
183346,乐购,商家名称候选,4,票数不少于3
183359,沃尔玛,商家名称候选,2,大语言模型：具体店名
183379,麦德龙,商家名称候选,2,大语言模型：具体店名
183380,东副,商家名称候选,2,大语言模型：具体店名
183382,五爱市场,商家名称候选,3,票数不少于3
183382,五爱,商家名称候选,2,大语言模型：具体店名
183383,友谊,商家名称候选,5,票数不少于3
183384,联营,商家名称候选,5,票数不少于3
183394,五星,商家名称候选,2,大语言模型：具体店名
183394,石路,商家名称候选,2,大语言模型：具体店名
183402,新安,商家名称候选,2,大语言模型：具体店名
183404,美凯龙,商家名称候选,2,大语言模型：具体店名
183405,金元宝,商家名称候选,2,大语言模型：具体店名
183416,大润发超市,商家名称候选,4,票数不少于3
183419,中百,商家名称候选,2,大语言模型：具体店名
183429,现在超市,商家名称候选,3,票数不少于3
183429,华普,商家名称候选,2,大语言模型：具体店名
183429,华普超市,商家名称候选,2,大语言模型：具体店名
183441,集美,商家名称候选,3,票数不少于3
183444,国美,商家名称候选,5,票数不少于3
183445,苏宁,平台/线上商家候选,2,大语言模型：平台/线上商家名
183452,红英,商家名称候选,2,大语言模型：具体店名
183457,清真超市,商家名称候选,5,票数不少于3
183457,总要,商家名称候选,3,票数不少于3
183457,牛街清真超市,商家名称候选,2,大语言模型：具体店名
183466,王府井书店,商家名称候选,2,大语言模型：具体店名
183471,方庄,商家名称候选,3,票数不少于3
183475,百货大楼,商家名称候选,2,大语言模型：具体店名
183491,淘宝,平台/线上商家候选,2,大语言模型：平台/线上商家名
183497,丽都饭店,商家名称候选,2,大语言模型：具体店名
183543,百佳超市,商家名称候选,4,票数不少于3
183569,城隍庙,商家名称候选,2,大语言模型：具体店名
183639,国内,商家名称候选,3,票数不少于3
183641,金盛,商家名称候选,2,大语言模型：具体店名
183643,乐购,商家名称候选,4,票数不少于3
183644,乐购,商家名称候选,3,票数不少于3
183645,家乐福,商家名称候选,3,票数不少于3
183648,华联吉,商家名称候选,2,大语言模型：具体店名
183649,华联超市,商家名称候选,8,票数不少于3
183652,永兴,商家名称候选,2,大语言模型：具体店名
183653,永乐,商家名称候选,3,票数不少于3
183655,易买得,商家名称候选,2,大语言模型：具体店名
183657,亚一,商家名称候选,3,票数不少于3
183657,亚一金店,商家名称候选,2,大语言模型：具体店名
183663,苏宁电器,商家名称候选,3,票数不少于3
183666,龙之梦,商家名称候选,2,大语言模型：具体店名
183671,东方商厦,商家名称候选,2,大语言模型：具体店名
183673,大润发,商家名称候选,3,票数不少于3
183675,城市超市,商家名称候选,12,票数不少于3
183679,百安居,商家名称候选,3,票数不少于3
183681,福士,商家名称候选,2,大语言模型：具体店名
183787,屈臣氏,商家名称候选,2,大语言模型：具体店名
183921,自助火锅,商家名称候选,2,大语言模型：具体店名
184008,超市发超市,商家名称候选,2,大语言模型：具体店名
184175,宝岛,商家名称候选,2,大语言模型：具体店名
184216,苏宁,平台/线上商家候选,2,大语言模型：平台/线上商家名
184281,非常棒的便利店,商家名称候选,3,票数不少于3
184281,迪亚天天,商家名称候选,2,大语言模型：具体店名
184434,中关村图书大厦,商家名称候选,2,大语言模型：具体店名
184474,星巴克,商家名称候选,2,大语言模型：具体店名
184486,淘宝,平台/线上商家候选,2,大语言模型：平台/线上商家名
184551,美廉美超市,商家名称候选,2,大语言模型：具体店名
184567,伊势丹,商家名称候选,3,票数不少于3
184889,国美,商家名称候选,2,大语言模型：具体店名
185025,体育用品超市,商家名称候选,3,票数不少于3
185429,赛博,商家名称候选,2,大语言模型：具体店名
185597,味之都,商家名称候选,2,大语言模型：具体店名
185663,宏伊,商家名称候选,2,大语言模型：具体店名
185668,自助火锅,商家名称候选,4,票数不少于3
185951,吃饭超市,商家名称候选,2,大语言模型：具体店名
185966,屈臣氏,商家名称候选,5,票数不少于3
186051,凯宾斯基饭店,商家名称候选,2,大语言模型：具体店名
186051,威尼斯意大利餐厅,商家名称候选,2,大语言模型：具体店名
186240,喝喝咖啡,商家名称候选,2,大语言模型：具体店名
186240,很多咖啡,商家名称候选,2,大语言模型：具体店名
186505,米兰超市,商家名称候选,2,大语言模型：具体店名
186518,天津居,商家名称候选,2,大语言模型：具体店名
186539,红旗超市,商家名称候选,5,票数不少于3
186549,新玛特超市,商家名称候选,3,票数不少于3
186549,大商新玛特超市,商家名称候选,2,大语言模型：具体店名
186660,阳朔,商家名称候选,3,票数不少于3
186660,淘宝,平台/线上商家候选,2,大语言模型：平台/线上商家名
186803,淘宝,平台/线上商家候选,2,大语言模型：平台/线上商家名
187036,天福,商家名称候选,2,大语言模型：具体店名
187069,家乐福,商家名称候选,3,票数不少于3
187183,沃尔玛,商家名称候选,2,大语言模型：具体店名
187415,萧山目前算是人气最旺的大型超市,商家名称候选,3,票数不少于3
187424,家乐福,商家名称候选,2,大语言模型：具体店名
187523,崇文门饭店,商家名称候选,2,大语言模型：具体店名
187689,日上,商家名称候选,5,票数不少于3
187774,国贸饭店,商家名称候选,5,票数不少于3
187824,自助餐厅,商家名称候选,3,票数不少于3
187854,神农庄园,商家名称候选,2,大语言模型：具体店名
188107,丝芙兰,商家名称候选,2,大语言模型：具体店名
188119,城大,商家名称候选,6,票数不少于3
188119,欧普,商家名称候选,2,大语言模型：具体店名
188217,金融街,商家名称候选,3,票数不少于3
188258,周大福,商家名称候选,2,大语言模型：具体店名
188357,很浓郁的咖啡,商家名称候选,3,票数不少于3
188537,书城,商家名称候选,3,票数不少于3
188551,农工商超市,商家名称候选,4,票数不少于3
188551,洋葱餐厅,商家名称候选,2,大语言模型：具体店名
188551,还有农工商超市,商家名称候选,2,大语言模型：具体店名
188648,淘宝,平台/线上商家候选,2,大语言模型：平台/线上商家名
188661,中关村,商家名称候选,4,票数不少于3
188787,华联超市,商家名称候选,3,票数不少于3
188787,华联,商家名称候选,2,大语言模型：具体店名
188902,苏宁,平台/线上商家候选,3,票数不少于3
189146,旁边的海底捞,商家名称候选,2,大语言模型：具体店名
189275,特力屋,商家名称候选,2,大语言模型：具体店名
189498,还有咖啡,商家名称候选,2,大语言模型：具体店名
189515,张一元,商家名称候选,4,票数不少于3
189580,淘宝,平台/线上商家候选,10,票数不少于3
189597,仙草奶茶,商家名称候选,3,票数不少于3
189597,书城,商家名称候选,2,大语言模型：具体店名
189768,物美超市,商家名称候选,4,票数不少于3
189768,下沙最大的超市,商家名称候选,3,票数不少于3
189768,物美,商家名称候选,2,大语言模型：具体店名
189999,娇兰佳人,商家名称候选,4,票数不少于3
190197,华联超市,商家名称候选,3,票数不少于3
190226,友谊宫,商家名称候选,3,票数不少于3
190365,85度c的咖啡,商家名称候选,2,大语言模型：具体店名
190518,驴妈妈上,商家名称候选,2,大语言模型：平台/线上商家名
190639,满记甜品,商家名称候选,2,大语言模型：具体店名
190740,理工餐厅,商家名称候选,5,票数不少于3
191059,国内,商家名称候选,4,票数不少于3
191070,屈臣氏,商家名称候选,2,大语言模型：具体店名
191574,淘宝,平台/线上商家候选,5,票数不少于3
192351,香港,商家名称候选,3,票数不少于3
192649,淘宝,平台/线上商家候选,8,票数不少于3
192745,网票网,商家名称候选,3,票数不少于3
192745,网票网上,商家名称候选,3,票数不少于3
193180,金宝汇,商家名称候选,2,大语言模型：具体店名
193432,日本,商家名称候选,3,票数不少于3
193517,泰国,商家名称候选,5,票数不少于3
193997,沃尔玛,商家名称候选,2,大语言模型：具体店名
194340,悠唐,商家名称候选,2,大语言模型：具体店名
194395,随园中餐厅,商家名称候选,4,票数不少于3
194395,随园餐厅,商家名称候选,2,大语言模型：具体店名
194424,三号湾,商家名称候选,2,大语言模型：具体店名
194424,陌生人火锅,商家名称候选,2,大语言模型：具体店名
194496,扬州,商家名称候选,3,票数不少于3
194534,王宝和,商家名称候选,2,大语言模型：具体店名
194576,佳佳,商家名称候选,2,大语言模型：具体店名
194732,还有火锅,商家名称候选,3,票数不少于3
195573,久光,商家名称候选,2,大语言模型：具体店名
196114,武汉天地,商家名称候选,3,票数不少于3
196182,一杯咖啡,商家名称候选,2,大语言模型：具体店名
196182,二楼咖啡,商家名称候选,2,大语言模型：具体店名
196557,朱家角旅游的时候,商家名称候选,3,票数不少于3
196678,印象城,商家名称候选,2,大语言模型：具体店名
197030,右安门快乐娃,商家名称候选,2,大语言模型：具体店名
197030,快乐娃,商家名称候选,2,大语言模型：具体店名
197802,ihush上,商家名称候选,2,大语言模型：平台/线上商家名
198050,香港,商家名称候选,4,票数不少于3
198371,全家,商家名称候选,2,大语言模型：具体店名
198452,招牌咖啡,商家名称候选,2,大语言模型：具体店名
198478,翠宫饭店,商家名称候选,5,票数不少于3
198653,三商巧福,商家名称候选,2,大语言模型：具体店名
198986,龙之梦,商家名称候选,4,票数不少于3
199041,宝寿司,商家名称候选,2,大语言模型：具体店名
199394,BHG超市,商家名称候选,2,大语言模型：具体店名
199887,休息室,商家名称候选,3,票数不少于3
200219,它家,商家名称候选,3,票数不少于3
200219,耀点,商家名称候选,2,大语言模型：具体店名
200330,日航饭店,商家名称候选,2,大语言模型：具体店名
201033,香港,商家名称候选,3,票数不少于3
201648,泰象隆东南亚海鲜美食餐厅,商家名称候选,3,票数不少于3
201826,糖皇甜品,商家名称候选,2,大语言模型：具体店名
202289,kitty主题餐厅,商家名称候选,2,大语言模型：具体店名
202648,可得网,平台/线上商家候选,3,票数不少于3
205743,24小时便利店,商家名称候选,3,票数不少于3
205743,罗森,商家名称候选,2,大语言模型：具体店名
205776,很好,商家名称候选,3,票数不少于3
205841,福楼,商家名称候选,2,大语言模型：具体店名
205991,辛香汇,商家名称候选,3,票数不少于3
206226,金鼎轩,商家名称候选,2,大语言模型：具体店名
206659,皇后餐厅,商家名称候选,2,大语言模型：具体店名
207015,和城市超市,商家名称候选,3,票数不少于3
207015,比城市超市,商家名称候选,2,大语言模型：具体店名
208869,成都,商家名称候选,3,票数不少于3
212062,港式茶餐厅,商家名称候选,4,票数不少于3
212371,物美超市,商家名称候选,4,票数不少于3
212375,王府井,商家名称候选,6,票数不少于3
212376,正佳,商家名称候选,2,大语言模型：具体店名
212376,百佳,商家名称候选,2,大语言模型：具体店名
212376,百佳超市,商家名称候选,2,大语言模型：具体店名
212377,好又多,商家名称候选,3,票数不少于3
212404,鹿鸣酒家,商家名称候选,2,大语言模型：具体店名
212425,解百,商家名称候选,4,票数不少于3
212477,百佳超市,商家名称候选,2,大语言模型：具体店名
212479,麦德龙,商家名称候选,2,大语言模型：具体店名
212498,家乐福,商家名称候选,4,票数不少于3
212499,乐购,商家名称候选,5,票数不少于3
212499,乐购超市,商家名称候选,2,大语言模型：具体店名
212499,都会,商家名称候选,2,大语言模型：具体店名
212500,大润发,商家名称候选,3,票数不少于3
212500,比别的超市,商家名称候选,3,票数不少于3
212508,国美,商家名称候选,4,票数不少于3
212508,苏宁,平台/线上商家候选,2,大语言模型：平台/线上商家名
212510,大洋,商家名称候选,5,票数不少于3
212515,人人乐超市,商家名称候选,3,票数不少于3
212515,海底捞,商家名称候选,2,大语言模型：具体店名
212520,友谊商厦,商家名称候选,2,大语言模型：具体店名
212534,麦德龙,商家名称候选,2,大语言模型：具体店名
212535,周大福,商家名称候选,3,票数不少于3
212541,国美,商家名称候选,3,票数不少于3
212541,工贸,商家名称候选,2,大语言模型：具体店名
212542,王府井,商家名称候选,7,票数不少于3
212546,外面,商家名称候选,3,票数不少于3
212557,物美超市,商家名称候选,2,大语言模型：具体店名
212557,都会,商家名称候选,2,大语言模型：具体店名
212559,沃尔玛,商家名称候选,3,票数不少于3
212559,沃尔玛超市,商家名称候选,2,大语言模型：具体店名
212560,百脑汇,商家名称候选,4,票数不少于3
212560,中关村,商家名称候选,3,票数不少于3
212571,国美,商家名称候选,3,票数不少于3
212595,西单商场,商家名称候选,2,大语言模型：具体店名
212674,麦德龙超市,商家名称候选,2,大语言模型：具体店名
212700,旋转餐厅,商家名称候选,5,票数不少于3
212731,易买得,商家名称候选,2,大语言模型：具体店名
212788,屈臣氏,商家名称候选,8,票数不少于3
212790,欧尚超市,商家名称候选,5,票数不少于3
212793,香港,商家名称候选,4,票数不少于3
212796,乐购,商家名称候选,3,票数不少于3
212805,永乐,商家名称候选,2,大语言模型：具体店名
212811,太平洋,商家名称候选,2,大语言模型：具体店名
212812,苏宁,平台/线上商家候选,3,票数不少于3
212814,苏宁,平台/线上商家候选,8,票数不少于3
212814,它家,商家名称候选,3,票数不少于3
212820,东明,商家名称候选,3,票数不少于3
212822,七浦路,商家名称候选,2,大语言模型：具体店名
212822,迪美,商家名称候选,2,大语言模型：具体店名
212825,恒隆,商家名称候选,2,大语言模型：具体店名
212830,香港,商家名称候选,3,票数不少于3
212840,沃尔玛,商家名称候选,2,大语言模型：具体店名
212852,屈臣氏,商家名称候选,4,票数不少于3
212865,华堂超市,商家名称候选,3,票数不少于3
212865,华堂,商家名称候选,2,大语言模型：具体店名
212879,当当,平台/线上商家候选,2,大语言模型：平台/线上商家名
212891,丰泽,商家名称候选,4,票数不少于3
212898,老电影咖啡,商家名称候选,2,大语言模型：具体店名
212914,大润发,商家名称候选,2,大语言模型：具体店名
212938,吉之岛,商家名称候选,2,大语言模型：具体店名
213010,花园饭店,商家名称候选,8,票数不少于3
213014,购书中心,商家名称候选,3,票数不少于3
213014,书城,商家名称候选,2,大语言模型：具体店名
213021,大西洋,商家名称候选,2,大语言模型：具体店名
213033,江苏饭店,商家名称候选,3,票数不少于3
213119,淘宝,平台/线上商家候选,3,票数不少于3
213309,书市,商家名称候选,2,大语言模型：具体店名
213312,恒大,商家名称候选,4,票数不少于3
213447,淘宝,平台/线上商家候选,2,大语言模型：平台/线上商家名
213570,喝喝咖啡,商家名称候选,3,票数不少于3
213570,蓝山咖啡,商家名称候选,2,大语言模型：具体店名
213662,久光超市,商家名称候选,3,票数不少于3
213662,我很喜欢逛超市,商家名称候选,3,票数不少于3
213662,都会,商家名称候选,2,大语言模型：具体店名
213783,中关村,商家名称候选,5,票数不少于3
214110,比较小的超市,商家名称候选,3,票数不少于3
214168,物美,商家名称候选,4,票数不少于3
214316,沃尔玛超市,商家名称候选,3,票数不少于3
214316,沃尔玛,商家名称候选,2,大语言模型：具体店名
214354,上海,商家名称候选,4,票数不少于3
214354,香港,商家名称候选,3,票数不少于3
214459,北辰,商家名称候选,10,票数不少于3
214692,药店,商家名称候选,3,票数不少于3
214708,周生生,商家名称候选,2,大语言模型：具体店名
215037,红星美凯龙,商家名称候选,2,大语言模型：具体店名
215075,昆山,商家名称候选,3,票数不少于3
215308,上海,商家名称候选,3,票数不少于3
215517,状元坊,商家名称候选,2,大语言模型：具体店名
215591,旋转餐厅,商家名称候选,5,票数不少于3
215591,上面有旋转餐厅,商家名称候选,3,票数不少于3
215615,亮视点,商家名称候选,2,大语言模型：具体店名
215641,洋葱餐厅,商家名称候选,3,票数不少于3
215641,满记甜品,商家名称候选,2,大语言模型：具体店名
215688,海鲜火锅,商家名称候选,2,大语言模型：具体店名
215733,苏宁,平台/线上商家候选,6,票数不少于3
215858,上岛咖啡,商家名称候选,2,大语言模型：具体店名
215858,屈臣氏,商家名称候选,2,大语言模型：具体店名
216093,国际饭店,商家名称候选,18,票数不少于3
216093,上海国际饭店,商家名称候选,3,票数不少于3
216631,城市超市,商家名称候选,2,大语言模型：具体店名
216647,国美,商家名称候选,4,票数不少于3
216671,屈臣氏,商家名称候选,2,大语言模型：具体店名
216850,东华美钻,商家名称候选,2,大语言模型：具体店名
216873,他家的奶茶,商家名称候选,3,票数不少于3
216875,旋转餐厅,商家名称候选,2,大语言模型：具体店名
216967,喝杯咖啡,商家名称候选,2,大语言模型：具体店名
216993,建国饭店,商家名称候选,5,票数不少于3
217092,易果网上,商家名称候选,4,票数不少于3
217092,易果网,商家名称候选,3,票数不少于3
217176,家乐福,商家名称候选,2,大语言模型：具体店名
217209,吉之岛,商家名称候选,2,大语言模型：具体店名
217341,龙之梦,商家名称候选,3,票数不少于3
217402,钻石小鸟,商家名称候选,5,票数不少于3
217402,小鸟,商家名称候选,2,大语言模型：具体店名
217443,城市超市,商家名称候选,2,大语言模型：具体店名
217443,有查餐厅,商家名称候选,2,大语言模型：具体店名
217584,淘宝,平台/线上商家候选,6,票数不少于3
217718,东方CJ,商家名称候选,8,票数不少于3
217718,东方CJ上,商家名称候选,6,票数不少于3
217718,东方,商家名称候选,4,票数不少于3
217718,东方CJ上面,商家名称候选,3,票数不少于3
217718,OCJ上,商家名称候选,2,大语言模型：平台/线上商家名
217718,下次购,商家名称候选,2,大语言模型：具体店名
217718,东方cj上,商家名称候选,2,大语言模型：平台/线上商家名
217725,华普超市,商家名称候选,3,票数不少于3
217900,烤珍珠奶茶,商家名称候选,3,票数不少于3
217900,珍珠奶茶,商家名称候选,3,票数不少于3
217913,紫玉饭店,商家名称候选,2,大语言模型：具体店名
217984,家乐福,商家名称候选,4,票数不少于3
218550,优衣库,商家名称候选,3,票数不少于3
218571,淘宝,平台/线上商家候选,2,大语言模型：平台/线上商家名
218586,老凤祥,商家名称候选,3,票数不少于3
218617,米索斯希腊餐厅,商家名称候选,2,大语言模型：具体店名
218621,热风,商家名称候选,2,大语言模型：具体店名
218638,淘宝,平台/线上商家候选,7,票数不少于3
218875,越富,商家名称候选,3,票数不少于3
218972,上海,商家名称候选,3,票数不少于3
219042,伊势丹超市,商家名称候选,4,票数不少于3
219202,海盗船,商家名称候选,2,大语言模型：具体店名
219363,法宝超市,商家名称候选,2,大语言模型：具体店名
219566,红孩子,商家名称候选,9,票数不少于3
219566,红孩子上,商家名称候选,4,票数不少于3
219672,文峰超市,商家名称候选,7,票数不少于3
219871,大润发,商家名称候选,2,大语言模型：具体店名
219958,这种地方,商家名称候选,3,票数不少于3
220262,都会,商家名称候选,3,票数不少于3
220262,猫记,商家名称候选,2,大语言模型：具体店名
220344,老凤祥,商家名称候选,2,大语言模型：具体店名
220412,石头记,商家名称候选,2,大语言模型：具体店名
220437,金茂北京威斯汀大饭店,商家名称候选,2,大语言模型：具体店名
220754,京东,平台/线上商家候选,27,票数不少于3
220754,京东上面,商家名称候选,5,票数不少于3
220754,京东商城,商家名称候选,2,大语言模型：平台/线上商家名
220754,京东网上,商家名称候选,2,大语言模型：平台/线上商家名
220754,淘宝,平台/线上商家候选,2,大语言模型：平台/线上商家名
221058,群光超市,商家名称候选,4,票数不少于3
221189,国泰超市,商家名称候选,2,大语言模型：具体店名
221380,老百姓大药房,商家名称候选,2,大语言模型：具体店名
221833,上岛咖啡,商家名称候选,3,票数不少于3
221833,就是咖啡,商家名称候选,2,大语言模型：具体店名
221985,白鹅潭风情酒吧,商家名称候选,3,票数不少于3
222089,女仆咖啡,商家名称候选,3,票数不少于3
222563,和平饭店,商家名称候选,2,大语言模型：具体店名
222833,以前的百佳超市,商家名称候选,2,大语言模型：具体店名
223024,大众超市,商家名称候选,2,大语言模型：具体店名
223024,永旺超市,商家名称候选,2,大语言模型：具体店名
223088,淘宝,平台/线上商家候选,2,大语言模型：平台/线上商家名
223311,热风,商家名称候选,2,大语言模型：具体店名
223697,绿茶餐厅,商家名称候选,7,票数不少于3
223697,龙之梦,商家名称候选,2,大语言模型：具体店名
223970,冰镇奶茶,商家名称候选,3,票数不少于3
223970,港式餐厅,商家名称候选,3,票数不少于3
224086,蛋糕奶茶,商家名称候选,3,票数不少于3
224208,喝着咖啡,商家名称候选,3,票数不少于3
224208,11超市,商家名称候选,2,大语言模型：具体店名
224710,随便,商家名称候选,3,票数不少于3
224781,永辉超市,商家名称候选,4,票数不少于3
224822,银泰,商家名称候选,2,大语言模型：具体店名
225012,家乐福,商家名称候选,22,票数不少于3
225012,龙之梦,商家名称候选,4,票数不少于3
225279,凡客诚品,平台/线上商家候选,9,票数不少于3
225338,淘宝,平台/线上商家候选,2,大语言模型：平台/线上商家名
225513,百联,商家名称候选,2,大语言模型：具体店名
225553,四楼,商家名称候选,3,票数不少于3
225656,全洲超市,商家名称候选,3,票数不少于3
226000,华润超市,商家名称候选,2,大语言模型：具体店名
226026,美邦,商家名称候选,2,大语言模型：具体店名
226436,别的超市,商家名称候选,3,票数不少于3
226436,大悦城,商家名称候选,2,大语言模型：具体店名
226489,移动卖吧,商家名称候选,2,大语言模型：具体店名
226552,迪卡侬,商家名称候选,2,大语言模型：具体店名
226620,金英,商家名称候选,3,票数不少于3
226741,家乐福,商家名称候选,2,大语言模型：具体店名
227026,丝芙兰,商家名称候选,2,大语言模型：具体店名
227060,稻香酒家,商家名称候选,2,大语言模型：具体店名
227181,外婆桥,商家名称候选,2,大语言模型：具体店名
227396,BHG超市,商家名称候选,2,大语言模型：具体店名
227498,万达,商家名称候选,2,大语言模型：具体店名
228068,北海道奶茶,商家名称候选,3,票数不少于3
228780,罗森,商家名称候选,3,票数不少于3
229686,淑萍时尚餐厅,商家名称候选,2,大语言模型：具体店名
230048,永旺超市,商家名称候选,2,大语言模型：具体店名
230678,B1超市,商家名称候选,3,票数不少于3
230895,易买得超市,商家名称候选,2,大语言模型：具体店名
230983,全家,商家名称候选,4,票数不少于3
231144,喝喝咖啡,商家名称候选,2,大语言模型：具体店名
231377,苏州,商家名称候选,6,票数不少于3
231558,拉手,商家名称候选,2,大语言模型：平台/线上商家名
231939,白胡子奶茶,商家名称候选,4,票数不少于3
232460,别的超市,商家名称候选,3,票数不少于3
233235,港式奶茶,商家名称候选,10,票数不少于3
233235,米顿茶餐厅,商家名称候选,3,票数不少于3
233260,万得城,商家名称候选,4,票数不少于3
233601,永辉超市,商家名称候选,6,票数不少于3
233733,淘宝,平台/线上商家候选,2,大语言模型：平台/线上商家名
234531,新旺,商家名称候选,2,大语言模型：具体店名
234531,百利餐厅,商家名称候选,2,大语言模型：具体店名
235994,还有餐厅,商家名称候选,3,票数不少于3
236385,龙柏饭店,商家名称候选,4,票数不少于3
236397,招牌奶茶,商家名称候选,4,票数不少于3
236397,港式茶餐厅,商家名称候选,4,票数不少于3
241289,谭鱼头火锅,商家名称候选,2,大语言模型：具体店名
242969,北京饭店,商家名称候选,7,票数不少于3
