restId,name_candidate,candidate_status,vote_count,selection_source,selected_rule
14,家乐福,商家名称候选,2,大语言模型：具体店名,已接受候选中票数唯一最高
15,百佳,商家名称候选,2,大语言模型：具体店名,已接受候选中票数唯一最高
17,好又多,商家名称候选,3,票数不少于3,已接受候选中票数唯一最高
24,香港,商家名称候选,4,票数不少于3,已接受候选中票数唯一最高
62,家乐福,商家名称候选,3,票数不少于3,已接受候选中票数唯一最高
63,苏宁,平台/线上商家候选,3,票数不少于3,已接受候选中票数唯一最高
97,三江超市,商家名称候选,3,票数不少于3,已接受候选中票数唯一最高
117,满记甜品,商家名称候选,2,大语言模型：具体店名,已接受候选中票数唯一最高
129,华联超市,商家名称候选,4,票数不少于3,已接受候选中票数唯一最高
133,西塔超市,商家名称候选,4,票数不少于3,已接受候选中票数唯一最高
134,铁百,商家名称候选,3,票数不少于3,已接受候选中票数唯一最高
136,国美,商家名称候选,2,大语言模型：具体店名,已接受候选中票数唯一最高
157,别的超市,商家名称候选,3,票数不少于3,最高票并列，按排序第一项选择
163,韩津城,商家名称候选,2,大语言模型：具体店名,已接受候选中票数唯一最高
169,家乐福,商家名称候选,2,大语言模型：具体店名,已接受候选中票数唯一最高
181,亚贸,商家名称候选,2,大语言模型：具体店名,已接受候选中票数唯一最高
196,美廉美超市,商家名称候选,2,大语言模型：具体店名,已接受候选中票数唯一最高
199,家乐福,商家名称候选,2,大语言模型：具体店名,最高票并列，按排序第一项选择
200,金源,商家名称候选,4,票数不少于3,已接受候选中票数唯一最高
202,海龙,商家名称候选,6,票数不少于3,已接受候选中票数唯一最高
212,国美,商家名称候选,4,票数不少于3,已接受候选中票数唯一最高
224,周大福,商家名称候选,2,大语言模型：具体店名,已接受候选中票数唯一最高
234,大明,商家名称候选,2,大语言模型：具体店名,已接受候选中票数唯一最高
239,国华,商家名称候选,4,票数不少于3,已接受候选中票数唯一最高
240,华堂,商家名称候选,3,票数不少于3,已接受候选中票数唯一最高
250,金源,商家名称候选,2,大语言模型：具体店名,已接受候选中票数唯一最高
273,旋转餐厅,商家名称候选,2,大语言模型：具体店名,已接受候选中票数唯一最高
287,中央电视塔旋转餐厅,商家名称候选,2,大语言模型：具体店名,已接受候选中票数唯一最高
311,伊藤,商家名称候选,4,票数不少于3,已接受候选中票数唯一最高
382,直港大道的德庄,商家名称候选,2,大语言模型：具体店名,已接受候选中票数唯一最高
408,九洲,商家名称候选,3,票数不少于3,已接受候选中票数唯一最高
415,乐购,商家名称候选,3,票数不少于3,已接受候选中票数唯一最高
418,华联吉,商家名称候选,2,大语言模型：具体店名,已接受候选中票数唯一最高
421,麦德龙,商家名称候选,5,票数不少于3,已接受候选中票数唯一最高
429,颐高,商家名称候选,3,票数不少于3,已接受候选中票数唯一最高
447,城市超市,商家名称候选,3,票数不少于3,已接受候选中票数唯一最高
451,家乐福,商家名称候选,4,票数不少于3,已接受候选中票数唯一最高
452,百安居,商家名称候选,3,票数不少于3,已接受候选中票数唯一最高
453,百安居,商家名称候选,4,票数不少于3,已接受候选中票数唯一最高
455,正大,商家名称候选,2,大语言模型：具体店名,已接受候选中票数唯一最高
493,屈臣氏,商家名称候选,4,票数不少于3,已接受候选中票数唯一最高
551,淘宝,平台/线上商家候选,3,票数不少于3,已接受候选中票数唯一最高
574,河边,商家名称候选,3,票数不少于3,已接受候选中票数唯一最高
752,三叶,商家名称候选,2,大语言模型：具体店名,已接受候选中票数唯一最高
772,七浦路,商家名称候选,4,票数不少于3,已接受候选中票数唯一最高
886,华强超市,商家名称候选,2,大语言模型：具体店名,已接受候选中票数唯一最高
918,法宝超市,商家名称候选,2,大语言模型：具体店名,已接受候选中票数唯一最高
949,轻纺市场,商家名称候选,2,大语言模型：具体店名,已接受候选中票数唯一最高
1202,屈臣氏,商家名称候选,2,大语言模型：具体店名,已接受候选中票数唯一最高
1294,屈臣氏,商家名称候选,2,大语言模型：具体店名,已接受候选中票数唯一最高
1301,回龙观,商家名称候选,4,票数不少于3,已接受候选中票数唯一最高
1352,卡玛巴西烤肉,商家名称候选,2,大语言模型：具体店名,已接受候选中票数唯一最高
1413,辛香汇,商家名称候选,2,大语言模型：具体店名,已接受候选中票数唯一最高
1726,九百,商家名称候选,3,票数不少于3,已接受候选中票数唯一最高
1899,海上海,商家名称候选,3,票数不少于3,已接受候选中票数唯一最高
2014,咖喱火锅,商家名称候选,2,大语言模型：具体店名,已接受候选中票数唯一最高
2101,沃尔玛,商家名称候选,2,大语言模型：具体店名,最高票并列，按排序第一项选择
2166,淘宝,平台/线上商家候选,2,大语言模型：平台/线上商家名,已接受候选中票数唯一最高
2230,港式火锅,商家名称候选,3,票数不少于3,已接受候选中票数唯一最高
2233,屈臣氏,商家名称候选,10,票数不少于3,已接受候选中票数唯一最高
2507,海鸥饭店,商家名称候选,2,大语言模型：具体店名,已接受候选中票数唯一最高
2528,淘宝,平台/线上商家候选,4,票数不少于3,已接受候选中票数唯一最高
2564,上海,商家名称候选,3,票数不少于3,已接受候选中票数唯一最高
2724,万宁,商家名称候选,3,票数不少于3,已接受候选中票数唯一最高
2916,淘宝,平台/线上商家候选,5,票数不少于3,已接受候选中票数唯一最高
3417,船屋,商家名称候选,3,票数不少于3,已接受候选中票数唯一最高
3639,粥底火锅,商家名称候选,5,票数不少于3,已接受候选中票数唯一最高
3720,山下,商家名称候选,3,票数不少于3,已接受候选中票数唯一最高
3765,京伦饭店,商家名称候选,3,票数不少于3,已接受候选中票数唯一最高
3800,此居,商家名称候选,2,大语言模型：具体店名,已接受候选中票数唯一最高
4031,店里,商家名称候选,3,票数不少于3,已接受候选中票数唯一最高
4339,热风,商家名称候选,5,票数不少于3,已接受候选中票数唯一最高
4404,国美,商家名称候选,5,票数不少于3,已接受候选中票数唯一最高
4412,上岛咖啡,商家名称候选,2,大语言模型：具体店名,已接受候选中票数唯一最高
4602,文峰,商家名称候选,2,大语言模型：具体店名,已接受候选中票数唯一最高
4661,乐宾,商家名称候选,5,票数不少于3,已接受候选中票数唯一最高
4732,中兴超市,商家名称候选,2,大语言模型：具体店名,已接受候选中票数唯一最高
4989,太湖饭店,商家名称候选,2,大语言模型：具体店名,已接受候选中票数唯一最高
5088,欧尚,商家名称候选,2,大语言模型：具体店名,已接受候选中票数唯一最高
5246,六福,商家名称候选,5,票数不少于3,已接受候选中票数唯一最高
5407,国际贵都大饭店,商家名称候选,3,票数不少于3,已接受候选中票数唯一最高
5559,淘宝,平台/线上商家候选,3,票数不少于3,已接受候选中票数唯一最高
5578,花园饭店,商家名称候选,2,大语言模型：具体店名,已接受候选中票数唯一最高
5580,华梅西餐厅,商家名称候选,3,票数不少于3,已接受候选中票数唯一最高
5712,国内,商家名称候选,4,票数不少于3,已接受候选中票数唯一最高
5847,王府饭店,商家名称候选,2,大语言模型：具体店名,已接受候选中票数唯一最高
6200,凡客诚品,平台/线上商家候选,18,票数不少于3,已接受候选中票数唯一最高
6695,广州,商家名称候选,3,票数不少于3,已接受候选中票数唯一最高
6724,万达,商家名称候选,2,大语言模型：具体店名,已接受候选中票数唯一最高
7055,上师大食堂,商家名称候选,2,大语言模型：具体店名,已接受候选中票数唯一最高
7219,教育超市,商家名称候选,2,大语言模型：具体店名,已接受候选中票数唯一最高
7324,童涵春,商家名称候选,2,大语言模型：具体店名,已接受候选中票数唯一最高
7496,焦糖奶茶,商家名称候选,2,大语言模型：具体店名,已接受候选中票数唯一最高
7711,城隍庙,商家名称候选,3,票数不少于3,已接受候选中票数唯一最高
7717,苏宁,平台/线上商家候选,3,票数不少于3,已接受候选中票数唯一最高
7798,窄巷子酒吧,商家名称候选,2,大语言模型：具体店名,已接受候选中票数唯一最高
7805,辣味浓浓的老妈米线火锅,商家名称候选,2,大语言模型：具体店名,已接受候选中票数唯一最高
7893,同仁堂,商家名称候选,4,票数不少于3,已接受候选中票数唯一最高
7964,龙门,商家名称候选,4,票数不少于3,已接受候选中票数唯一最高
8323,海鸥饭店,商家名称候选,7,票数不少于3,已接受候选中票数唯一最高
8545,南京饭店,商家名称候选,2,大语言模型：具体店名,已接受候选中票数唯一最高
8647,1号店,平台/线上商家候选,25,票数不少于3,已接受候选中票数唯一最高
8746,京东,平台/线上商家候选,51,票数不少于3,已接受候选中票数唯一最高
8810,小乔,商家名称候选,2,大语言模型：具体店名,已接受候选中票数唯一最高
8986,可得网,平台/线上商家候选,7,票数不少于3,已接受候选中票数唯一最高
9606,港式茶餐厅,商家名称候选,3,票数不少于3,已接受候选中票数唯一最高
9982,自动咖啡,商家名称候选,2,大语言模型：具体店名,已接受候选中票数唯一最高
10202,和其他的超市,商家名称候选,3,票数不少于3,已接受候选中票数唯一最高
10325,久光,商家名称候选,2,大语言模型：具体店名,最高票并列，按排序第一项选择
10350,北辰超市,商家名称候选,2,大语言模型：具体店名,已接受候选中票数唯一最高
10473,苏宁,平台/线上商家候选,3,票数不少于3,已接受候选中票数唯一最高
10649,热风,商家名称候选,2,大语言模型：具体店名,已接受候选中票数唯一最高
10653,满记甜品,商家名称候选,3,票数不少于3,最高票并列，按排序第一项选择
11251,同仁堂,商家名称候选,2,大语言模型：具体店名,已接受候选中票数唯一最高
11409,森林酒吧,商家名称候选,2,大语言模型：具体店名,已接受候选中票数唯一最高
11498,红星,商家名称候选,2,大语言模型：具体店名,已接受候选中票数唯一最高
11947,排队,商家名称候选,3,票数不少于3,已接受候选中票数唯一最高
12304,匡威,商家名称候选,2,大语言模型：具体店名,已接受候选中票数唯一最高
13026,国外,商家名称候选,3,票数不少于3,已接受候选中票数唯一最高
13295,御家,商家名称候选,2,大语言模型：具体店名,已接受候选中票数唯一最高
13869,沃尔玛超市,商家名称候选,3,票数不少于3,已接受候选中票数唯一最高
13933,千禧,商家名称候选,2,大语言模型：具体店名,已接受候选中票数唯一最高
14143,外面,商家名称候选,3,票数不少于3,已接受候选中票数唯一最高
14667,吉之岛,商家名称候选,3,票数不少于3,已接受候选中票数唯一最高
15186,法宝超市,商家名称候选,2,大语言模型：具体店名,已接受候选中票数唯一最高
15219,新疆饭店,商家名称候选,2,大语言模型：具体店名,已接受候选中票数唯一最高
15622,万达,商家名称候选,3,票数不少于3,已接受候选中票数唯一最高
15668,久光,商家名称候选,2,大语言模型：具体店名,已接受候选中票数唯一最高
16009,珂兰,商家名称候选,2,大语言模型：具体店名,已接受候选中票数唯一最高
16068,万宁,商家名称候选,3,票数不少于3,已接受候选中票数唯一最高
16244,运动品综合超市,商家名称候选,2,大语言模型：具体店名,已接受候选中票数唯一最高
16283,北辰,商家名称候选,2,大语言模型：具体店名,已接受候选中票数唯一最高
16321,都会,商家名称候选,3,票数不少于3,已接受候选中票数唯一最高
16458,满记甜品,商家名称候选,6,票数不少于3,已接受候选中票数唯一最高
16519,台中大甲芋头奶茶,商家名称候选,3,票数不少于3,最高票并列，按排序第一项选择
16681,11便利店,商家名称候选,2,大语言模型：具体店名,已接受候选中票数唯一最高
17008,无限度,商家名称候选,3,票数不少于3,已接受候选中票数唯一最高
17462,家为乐火锅,商家名称候选,2,大语言模型：具体店名,已接受候选中票数唯一最高
17944,屈臣氏,商家名称候选,2,大语言模型：具体店名,已接受候选中票数唯一最高
18201,船上,商家名称候选,3,票数不少于3,已接受候选中票数唯一最高
18321,淘宝,平台/线上商家候选,2,大语言模型：平台/线上商家名,已接受候选中票数唯一最高
18695,为为网,商家名称候选,3,票数不少于3,已接受候选中票数唯一最高
18851,食品超市,商家名称候选,3,票数不少于3,已接受候选中票数唯一最高
19113,牛奶咖啡,商家名称候选,2,大语言模型：具体店名,最高票并列，按排序第一项选择
19743,华联超市,商家名称候选,2,大语言模型：具体店名,已接受候选中票数唯一最高
20257,多佐料理,商家名称候选,2,大语言模型：具体店名,已接受候选中票数唯一最高
20280,百盛,商家名称候选,2,大语言模型：具体店名,已接受候选中票数唯一最高
20631,京东商城,商家名称候选,3,票数不少于3,已接受候选中票数唯一最高
22471,唯品会,商家名称候选,6,票数不少于3,已接受候选中票数唯一最高
23308,新街口南小巷内购,商家名称候选,2,大语言模型：具体店名,已接受候选中票数唯一最高
24860,星游城,商家名称候选,2,大语言模型：具体店名,已接受候选中票数唯一最高
28369,古堡酒吧,商家名称候选,2,大语言模型：具体店名,已接受候选中票数唯一最高
30987,茉莉香饭店,商家名称候选,2,大语言模型：具体店名,已接受候选中票数唯一最高
31153,友谊,商家名称候选,2,大语言模型：具体店名,已接受候选中票数唯一最高
31165,百佳超市,商家名称候选,2,大语言模型：具体店名,已接受候选中票数唯一最高
31197,楼外楼,商家名称候选,2,大语言模型：具体店名,已接受候选中票数唯一最高
31231,百佳超市,商家名称候选,2,大语言模型：具体店名,已接受候选中票数唯一最高
31232,太阳百货,商家名称候选,3,票数不少于3,已接受候选中票数唯一最高
31241,苏宁,平台/线上商家候选,3,票数不少于3,已接受候选中票数唯一最高
31259,沃尔玛,商家名称候选,2,大语言模型：具体店名,已接受候选中票数唯一最高
31263,旋转餐厅,商家名称候选,9,票数不少于3,已接受候选中票数唯一最高
31268,欧尚超市,商家名称候选,5,票数不少于3,已接受候选中票数唯一最高
31273,名典,商家名称候选,2,大语言模型：具体店名,已接受候选中票数唯一最高
31275,百脑汇,商家名称候选,4,票数不少于3,已接受候选中票数唯一最高
31276,凯旋门,商家名称候选,3,票数不少于3,已接受候选中票数唯一最高
31285,农家院,商家名称候选,3,票数不少于3,已接受候选中票数唯一最高
31314,11便利店,商家名称候选,3,票数不少于3,已接受候选中票数唯一最高
31319,物美超市,商家名称候选,2,大语言模型：具体店名,已接受候选中票数唯一最高
31322,家乐福,商家名称候选,3,票数不少于3,已接受候选中票数唯一最高
31329,宜家,商家名称候选,3,票数不少于3,最高票并列，按排序第一项选择
31337,锐意,商家名称候选,2,大语言模型：具体店名,已接受候选中票数唯一最高
31354,赛特,商家名称候选,3,票数不少于3,已接受候选中票数唯一最高
31422,太平洋,商家名称候选,4,票数不少于3,已接受候选中票数唯一最高
31535,老庙,商家名称候选,3,票数不少于3,已接受候选中票数唯一最高
31536,可的,商家名称候选,4,票数不少于3,已接受候选中票数唯一最高
31538,欧尚,商家名称候选,3,票数不少于3,已接受候选中票数唯一最高
31544,家乐福超市,商家名称候选,2,大语言模型：具体店名,已接受候选中票数唯一最高
31554,新世界,商家名称候选,3,票数不少于3,已接受候选中票数唯一最高
31557,建配龙,商家名称候选,5,票数不少于3,已接受候选中票数唯一最高
31561,城大,商家名称候选,3,票数不少于3,已接受候选中票数唯一最高
31562,世纪联华,商家名称候选,5,票数不少于3,已接受候选中票数唯一最高
31565,四川路店,商家名称候选,2,大语言模型：具体店名,已接受候选中票数唯一最高
31567,三阳,商家名称候选,3,票数不少于3,已接受候选中票数唯一最高
31568,恒隆,商家名称候选,2,大语言模型：具体店名,已接受候选中票数唯一最高
31576,城市超市,商家名称候选,7,票数不少于3,已接受候选中票数唯一最高
31578,百佳超市,商家名称候选,10,票数不少于3,已接受候选中票数唯一最高
31579,百安居,商家名称候选,5,票数不少于3,已接受候选中票数唯一最高
31629,香港,商家名称候选,4,票数不少于3,已接受候选中票数唯一最高
31630,海港城,商家名称候选,4,票数不少于3,已接受候选中票数唯一最高
31665,欧尚,商家名称候选,2,大语言模型：具体店名,已接受候选中票数唯一最高
31713,购书中心,商家名称候选,4,票数不少于3,已接受候选中票数唯一最高
31787,上海人茶餐厅,商家名称候选,2,大语言模型：具体店名,已接受候选中票数唯一最高
31873,屈臣氏,商家名称候选,5,票数不少于3,已接受候选中票数唯一最高
31922,不似酒吧,商家名称候选,3,票数不少于3,已接受候选中票数唯一最高
32008,illy咖啡,商家名称候选,2,大语言模型：具体店名,已接受候选中票数唯一最高
32019,伊藤,商家名称候选,2,大语言模型：具体店名,已接受候选中票数唯一最高
32020,什锦烧烤肉,商家名称候选,3,票数不少于3,最高票并列，按排序第一项选择
32139,伍缘,商家名称候选,4,票数不少于3,已接受候选中票数唯一最高
32208,专卖店,商家名称候选,3,票数不少于3,已接受候选中票数唯一最高
32223,0101,商家名称候选,2,大语言模型：具体店名,最高票并列，按排序第一项选择
32422,新玛特,商家名称候选,2,大语言模型：具体店名,已接受候选中票数唯一最高
32433,苏宁,平台/线上商家候选,2,大语言模型：平台/线上商家名,已接受候选中票数唯一最高
32692,家乐福,商家名称候选,3,票数不少于3,已接受候选中票数唯一最高
32728,家乐福,商家名称候选,5,票数不少于3,已接受候选中票数唯一最高
32925,南方商城,商家名称候选,2,大语言模型：具体店名,已接受候选中票数唯一最高
32957,此居,商家名称候选,2,大语言模型：具体店名,已接受候选中票数唯一最高
33104,欧尚超市,商家名称候选,2,大语言模型：具体店名,已接受候选中票数唯一最高
33437,家乐福,商家名称候选,3,票数不少于3,已接受候选中票数唯一最高
33662,韩国超市,商家名称候选,4,票数不少于3,已接受候选中票数唯一最高
33664,大润发,商家名称候选,3,票数不少于3,已接受候选中票数唯一最高
33679,迪卡侬,商家名称候选,3,票数不少于3,已接受候选中票数唯一最高
33708,楼上,商家名称候选,3,票数不少于3,已接受候选中票数唯一最高
33734,京东,平台/线上商家候选,7,票数不少于3,已接受候选中票数唯一最高
33831,山吧,商家名称候选,3,票数不少于3,已接受候选中票数唯一最高
34103,首航超市,商家名称候选,2,大语言模型：具体店名,已接受候选中票数唯一最高
34126,吉美臣,商家名称候选,2,大语言模型：具体店名,已接受候选中票数唯一最高
34469,同福,商家名称候选,2,大语言模型：具体店名,已接受候选中票数唯一最高
34498,米兰超市,商家名称候选,4,票数不少于3,已接受候选中票数唯一最高
34645,国内,商家名称候选,3,票数不少于3,已接受候选中票数唯一最高
34657,苏州,商家名称候选,9,票数不少于3,已接受候选中票数唯一最高
34705,另外烤肉,商家名称候选,2,大语言模型：具体店名,已接受候选中票数唯一最高
34775,淘宝,平台/线上商家候选,4,票数不少于3,已接受候选中票数唯一最高
34877,上海,商家名称候选,4,票数不少于3,已接受候选中票数唯一最高
35431,物美,商家名称候选,2,大语言模型：具体店名,最高票并列，按排序第一项选择
35451,大方饭店,商家名称候选,2,大语言模型：具体店名,已接受候选中票数唯一最高
35547,原因是石库门中餐厅,商家名称候选,2,大语言模型：具体店名,已接受候选中票数唯一最高
35572,四眼井,商家名称候选,2,大语言模型：具体店名,已接受候选中票数唯一最高
36198,香港,商家名称候选,3,票数不少于3,已接受候选中票数唯一最高
36303,楚灶王,商家名称候选,3,票数不少于3,已接受候选中票数唯一最高
36318,港丽餐厅,商家名称候选,2,大语言模型：具体店名,已接受候选中票数唯一最高
36324,临江楼,商家名称候选,2,大语言模型：具体店名,已接受候选中票数唯一最高
36381,很好,商家名称候选,3,票数不少于3,已接受候选中票数唯一最高
36750,楼上,商家名称候选,4,票数不少于3,已接受候选中票数唯一最高
36809,淘宝,平台/线上商家候选,2,大语言模型：平台/线上商家名,已接受候选中票数唯一最高
37085,物美超市,商家名称候选,2,大语言模型：具体店名,已接受候选中票数唯一最高
37517,苏宁,平台/线上商家候选,4,票数不少于3,已接受候选中票数唯一最高
37595,看个电影,商家名称候选,3,票数不少于3,已接受候选中票数唯一最高
37738,报刊亭,商家名称候选,4,票数不少于3,已接受候选中票数唯一最高
37769,青年餐厅,商家名称候选,2,大语言模型：具体店名,已接受候选中票数唯一最高
37843,城市超市,商家名称候选,2,大语言模型：具体店名,已接受候选中票数唯一最高
38052,西苑饭店,商家名称候选,4,票数不少于3,已接受候选中票数唯一最高
38592,万达,商家名称候选,3,票数不少于3,已接受候选中票数唯一最高
39157,华堂超市,商家名称候选,2,大语言模型：具体店名,已接受候选中票数唯一最高
39364,易买得,商家名称候选,2,大语言模型：具体店名,已接受候选中票数唯一最高
39604,同仁堂,商家名称候选,2,大语言模型：具体店名,已接受候选中票数唯一最高
39707,华普超市,商家名称候选,3,票数不少于3,已接受候选中票数唯一最高
40765,欧尚超市,商家名称候选,2,大语言模型：具体店名,已接受候选中票数唯一最高
40850,老庙,商家名称候选,3,票数不少于3,已接受候选中票数唯一最高
42163,流行美,商家名称候选,2,大语言模型：具体店名,已接受候选中票数唯一最高
42609,大润发超市,商家名称候选,9,票数不少于3,已接受候选中票数唯一最高
43542,我买网,商家名称候选,6,票数不少于3,已接受候选中票数唯一最高
43739,coco奶茶,商家名称候选,2,大语言模型：具体店名,已接受候选中票数唯一最高
43852,棒约翰,商家名称候选,2,大语言模型：具体店名,已接受候选中票数唯一最高
44079,特力屋,商家名称候选,2,大语言模型：具体店名,已接受候选中票数唯一最高
44334,万达,商家名称候选,2,大语言模型：具体店名,已接受候选中票数唯一最高
44910,淘宝,平台/线上商家候选,4,票数不少于3,已接受候选中票数唯一最高
45397,奥莱,商家名称候选,2,大语言模型：具体店名,已接受候选中票数唯一最高
45621,全家,商家名称候选,2,大语言模型：具体店名,已接受候选中票数唯一最高
45645,乌鲁木齐驻京办,商家名称候选,2,大语言模型：具体店名,已接受候选中票数唯一最高
46388,万达,商家名称候选,3,票数不少于3,已接受候选中票数唯一最高
46752,前身是时代超市,商家名称候选,3,票数不少于3,已接受候选中票数唯一最高
46804,上海,商家名称候选,3,票数不少于3,已接受候选中票数唯一最高
46958,家乐福,商家名称候选,2,大语言模型：具体店名,已接受候选中票数唯一最高
47279,聚美优品,商家名称候选,2,大语言模型：平台/线上商家名,已接受候选中票数唯一最高
47294,悠闲美地,商家名称候选,2,大语言模型：具体店名,已接受候选中票数唯一最高
48264,皇家奶茶,商家名称候选,2,大语言模型：具体店名,已接受候选中票数唯一最高
49306,淘宝,平台/线上商家候选,42,票数不少于3,已接受候选中票数唯一最高
49326,表叔茶餐厅,商家名称候选,2,大语言模型：具体店名,已接受候选中票数唯一最高
51633,喝喝咖啡,商家名称候选,4,票数不少于3,已接受候选中票数唯一最高
52388,花园饭店,商家名称候选,12,票数不少于3,已接受候选中票数唯一最高
52531,家乐福,商家名称候选,3,票数不少于3,已接受候选中票数唯一最高
53321,宽润,商家名称候选,2,大语言模型：具体店名,已接受候选中票数唯一最高
54017,高端超市,商家名称候选,3,票数不少于3,已接受候选中票数唯一最高
54552,乐购,商家名称候选,3,票数不少于3,已接受候选中票数唯一最高
54781,满记甜品,商家名称候选,2,大语言模型：具体店名,已接受候选中票数唯一最高
56479,百联虹口,商家名称候选,2,大语言模型：具体店名,已接受候选中票数唯一最高
57120,必胜客,商家名称候选,2,大语言模型：具体店名,已接受候选中票数唯一最高
58768,君度咖啡,商家名称候选,2,大语言模型：具体店名,已接受候选中票数唯一最高
58886,全家,商家名称候选,12,票数不少于3,已接受候选中票数唯一最高
59679,好又多,商家名称候选,2,大语言模型：具体店名,已接受候选中票数唯一最高
59680,麦德龙,商家名称候选,2,大语言模型：具体店名,已接受候选中票数唯一最高
59681,很齐全的一家超市,商家名称候选,3,票数不少于3,已接受候选中票数唯一最高
59682,太平洋电脑城,商家名称候选,2,大语言模型：具体店名,已接受候选中票数唯一最高
59689,龙粤,商家名称候选,3,票数不少于3,已接受候选中票数唯一最高
59692,香港,商家名称候选,5,票数不少于3,已接受候选中票数唯一最高
59723,百大,商家名称候选,5,票数不少于3,已接受候选中票数唯一最高
59770,山姆,商家名称候选,2,大语言模型：具体店名,已接受候选中票数唯一最高
59772,顺电,商家名称候选,3,票数不少于3,已接受候选中票数唯一最高
59793,百脑汇,商家名称候选,7,票数不少于3,已接受候选中票数唯一最高
59795,中兴,商家名称候选,7,票数不少于3,已接受候选中票数唯一最高
59809,金鹰,商家名称候选,3,票数不少于3,已接受候选中票数唯一最高
59817,图书大厦,商家名称候选,3,票数不少于3,已接受候选中票数唯一最高
59837,家乐福,商家名称候选,3,票数不少于3,已接受候选中票数唯一最高
59855,很大的超市,商家名称候选,3,票数不少于3,已接受候选中票数唯一最高
59857,会员超市,商家名称候选,3,票数不少于3,最高票并列，按排序第一项选择
59859,屈臣氏,商家名称候选,7,票数不少于3,已接受候选中票数唯一最高
59867,苏宁,平台/线上商家候选,6,票数不少于3,已接受候选中票数唯一最高
59882,天意,商家名称候选,2,大语言模型：具体店名,已接受候选中票数唯一最高
59887,百盛,商家名称候选,5,票数不少于3,已接受候选中票数唯一最高
59889,翠微,商家名称候选,3,票数不少于3,已接受候选中票数唯一最高
59890,楼上,商家名称候选,4,票数不少于3,已接受候选中票数唯一最高
59891,华联超市,商家名称候选,2,大语言模型：具体店名,已接受候选中票数唯一最高
59893,君太,商家名称候选,2,大语言模型：具体店名,已接受候选中票数唯一最高
59894,双安,商家名称候选,2,大语言模型：具体店名,已接受候选中票数唯一最高
59926,晋阳饭庄,商家名称候选,12,票数不少于3,已接受候选中票数唯一最高
59976,龙之梦,商家名称候选,2,大语言模型：具体店名,已接受候选中票数唯一最高
60053,福士里,商家名称候选,2,大语言模型：具体店名,已接受候选中票数唯一最高
60055,屈臣氏,商家名称候选,4,票数不少于3,已接受候选中票数唯一最高
60056,屈臣氏,商家名称候选,3,票数不少于3,已接受候选中票数唯一最高
60058,上海,商家名称候选,3,票数不少于3,最高票并列，按排序第一项选择
60060,家乐福,商家名称候选,3,票数不少于3,已接受候选中票数唯一最高
60067,周大福,商家名称候选,2,大语言模型：具体店名,已接受候选中票数唯一最高
60071,永乐,商家名称候选,2,大语言模型：具体店名,已接受候选中票数唯一最高
60073,永乐,商家名称候选,5,票数不少于3,已接受候选中票数唯一最高
60076,金盛,商家名称候选,4,票数不少于3,已接受候选中票数唯一最高
60079,书店,商家名称候选,3,票数不少于3,已接受候选中票数唯一最高
60080,百思,商家名称候选,2,大语言模型：具体店名,已接受候选中票数唯一最高
60081,太平洋,商家名称候选,2,大语言模型：具体店名,已接受候选中票数唯一最高
60089,国美,商家名称候选,6,票数不少于3,已接受候选中票数唯一最高
60093,百脑汇,商家名称候选,3,票数不少于3,已接受候选中票数唯一最高
60095,巴黎三城,商家名称候选,3,票数不少于3,已接受候选中票数唯一最高
60101,香港,商家名称候选,3,票数不少于3,已接受候选中票数唯一最高
60122,上海,商家名称候选,4,票数不少于3,已接受候选中票数唯一最高
60132,屈臣氏,商家名称候选,3,票数不少于3,已接受候选中票数唯一最高
60186,大润发,商家名称候选,2,大语言模型：具体店名,已接受候选中票数唯一最高
60207,优衣库,商家名称候选,2,大语言模型：具体店名,已接受候选中票数唯一最高
60212,商业城,商家名称候选,7,票数不少于3,已接受候选中票数唯一最高
60220,沃尔玛,商家名称候选,3,票数不少于3,已接受候选中票数唯一最高
60305,美罗城,商家名称候选,2,大语言模型：具体店名,已接受候选中票数唯一最高
60401,城乡仓储大超市,商家名称候选,3,票数不少于3,已接受候选中票数唯一最高
60578,卓展,商家名称候选,2,大语言模型：具体店名,已接受候选中票数唯一最高
60606,国美,商家名称候选,2,大语言模型：具体店名,已接受候选中票数唯一最高
60705,上海最后居,商家名称候选,2,大语言模型：具体店名,已接受候选中票数唯一最高
60747,武广,商家名称候选,5,票数不少于3,已接受候选中票数唯一最高
60957,动物园,商家名称候选,2,大语言模型：具体店名,已接受候选中票数唯一最高
60958,欧尚,商家名称候选,3,票数不少于3,已接受候选中票数唯一最高
61063,银树酒家,商家名称候选,2,大语言模型：具体店名,已接受候选中票数唯一最高
61385,钻石小鸟,商家名称候选,2,大语言模型：具体店名,已接受候选中票数唯一最高
61459,优衣库,商家名称候选,2,大语言模型：具体店名,已接受候选中票数唯一最高
61609,中关村,商家名称候选,3,票数不少于3,最高票并列，按排序第一项选择
61818,家乐福,商家名称候选,2,大语言模型：具体店名,已接受候选中票数唯一最高
61846,三福,商家名称候选,2,大语言模型：具体店名,已接受候选中票数唯一最高
61978,所以饭店,商家名称候选,3,票数不少于3,已接受候选中票数唯一最高
62089,家乐福,商家名称候选,3,票数不少于3,已接受候选中票数唯一最高
62105,水上餐厅,商家名称候选,2,大语言模型：具体店名,已接受候选中票数唯一最高
62670,香港,商家名称候选,3,票数不少于3,已接受候选中票数唯一最高
62912,锦江饭店,商家名称候选,6,票数不少于3,已接受候选中票数唯一最高
62913,和平饭店,商家名称候选,17,票数不少于3,已接受候选中票数唯一最高
62975,汉拿山,商家名称候选,2,大语言模型：具体店名,已接受候选中票数唯一最高
62992,五爱,商家名称候选,3,票数不少于3,已接受候选中票数唯一最高
63109,百脑汇,商家名称候选,3,票数不少于3,已接受候选中票数唯一最高
63289,越南咖啡,商家名称候选,7,票数不少于3,已接受候选中票数唯一最高
63320,儿童医院,商家名称候选,2,大语言模型：具体店名,已接受候选中票数唯一最高
63346,地点在乐购超市,商家名称候选,4,票数不少于3,已接受候选中票数唯一最高
63349,三江,商家名称候选,2,大语言模型：具体店名,已接受候选中票数唯一最高
63391,药店,商家名称候选,3,票数不少于3,已接受候选中票数唯一最高
63854,城市超市,商家名称候选,6,票数不少于3,已接受候选中票数唯一最高
63855,屈臣氏,商家名称候选,8,票数不少于3,已接受候选中票数唯一最高
64315,苏宁,平台/线上商家候选,13,票数不少于3,已接受候选中票数唯一最高
64896,建国饭店,商家名称候选,2,大语言模型：具体店名,已接受候选中票数唯一最高
65073,满记甜品,商家名称候选,2,大语言模型：具体店名,已接受候选中票数唯一最高
65186,华府,商家名称候选,4,票数不少于3,已接受候选中票数唯一最高
65316,久光,商家名称候选,2,大语言模型：具体店名,已接受候选中票数唯一最高
65317,屈臣氏,商家名称候选,3,票数不少于3,已接受候选中票数唯一最高
65505,共康,商家名称候选,2,大语言模型：具体店名,已接受候选中票数唯一最高
65615,家乐福,商家名称候选,3,票数不少于3,已接受候选中票数唯一最高
65763,宜家,商家名称候选,5,票数不少于3,已接受候选中票数唯一最高
65902,钱柜茶餐厅,商家名称候选,3,票数不少于3,已接受候选中票数唯一最高
65912,满记甜品,商家名称候选,5,票数不少于3,已接受候选中票数唯一最高
66007,世纪联华超市,商家名称候选,2,大语言模型：具体店名,已接受候选中票数唯一最高
66638,恒孚,商家名称候选,3,票数不少于3,已接受候选中票数唯一最高
66932,新华书店,商家名称候选,2,大语言模型：具体店名,已接受候选中票数唯一最高
67109,百盛,商家名称候选,2,大语言模型：具体店名,已接受候选中票数唯一最高
67298,国美,商家名称候选,3,票数不少于3,已接受候选中票数唯一最高
67437,日上,商家名称候选,3,票数不少于3,已接受候选中票数唯一最高
67558,新世界超市,商家名称候选,8,票数不少于3,已接受候选中票数唯一最高
67903,家乐福,商家名称候选,2,大语言模型：具体店名,已接受候选中票数唯一最高
68030,春之花,商家名称候选,2,大语言模型：具体店名,已接受候选中票数唯一最高
68097,自助餐厅,商家名称候选,3,票数不少于3,已接受候选中票数唯一最高
68185,当当,平台/线上商家候选,28,票数不少于3,已接受候选中票数唯一最高
68491,喝喝咖啡,商家名称候选,2,大语言模型：具体店名,最高票并列，按排序第一项选择
68695,大悦城,商家名称候选,2,大语言模型：具体店名,已接受候选中票数唯一最高
68906,大红门,商家名称候选,2,大语言模型：具体店名,已接受候选中票数唯一最高
69575,屈臣氏,商家名称候选,3,票数不少于3,最高票并列，按排序第一项选择
70223,沃尔玛,商家名称候选,3,票数不少于3,已接受候选中票数唯一最高
70263,物美超市,商家名称候选,2,大语言模型：具体店名,已接受候选中票数唯一最高
70292,屈臣氏,商家名称候选,4,票数不少于3,已接受候选中票数唯一最高
70368,东明,商家名称候选,2,大语言模型：具体店名,已接受候选中票数唯一最高
70467,哈哈家,商家名称候选,3,票数不少于3,已接受候选中票数唯一最高
70913,五道口,商家名称候选,3,票数不少于3,已接受候选中票数唯一最高
71018,宝大祥,商家名称候选,2,大语言模型：具体店名,已接受候选中票数唯一最高
71384,滋味烘焙,商家名称候选,2,大语言模型：具体店名,已接受候选中票数唯一最高
72039,友人,商家名称候选,2,大语言模型：具体店名,已接受候选中票数唯一最高
72838,电玩巴士,商家名称候选,3,票数不少于3,已接受候选中票数唯一最高
73157,非常手机,商家名称候选,4,票数不少于3,已接受候选中票数唯一最高
73514,国美,商家名称候选,2,大语言模型：具体店名,已接受候选中票数唯一最高
73753,休息室,商家名称候选,4,票数不少于3,已接受候选中票数唯一最高
73813,淘宝,平台/线上商家候选,25,票数不少于3,已接受候选中票数唯一最高
74047,合亚,商家名称候选,3,票数不少于3,已接受候选中票数唯一最高
74134,城市生活超市,商家名称候选,2,大语言模型：具体店名,已接受候选中票数唯一最高
74713,1819火锅,商家名称候选,2,大语言模型：具体店名,已接受候选中票数唯一最高
74869,5楼,商家名称候选,3,票数不少于3,已接受候选中票数唯一最高
74870,龙之梦,商家名称候选,3,票数不少于3,已接受候选中票数唯一最高
74953,龙之梦,商家名称候选,2,大语言模型：具体店名,已接受候选中票数唯一最高
75797,85度C,商家名称候选,2,大语言模型：具体店名,已接受候选中票数唯一最高
76319,物美,商家名称候选,2,大语言模型：具体店名,已接受候选中票数唯一最高
77081,万宁超市,商家名称候选,2,大语言模型：具体店名,已接受候选中票数唯一最高
77260,欧尚超市,商家名称候选,2,大语言模型：具体店名,已接受候选中票数唯一最高
77476,石头火锅,商家名称候选,2,大语言模型：具体店名,最高票并列，按排序第一项选择
77690,永辉超市,商家名称候选,3,票数不少于3,已接受候选中票数唯一最高
78367,联华超市,商家名称候选,4,票数不少于3,已接受候选中票数唯一最高
78387,红星美凯龙,商家名称候选,2,大语言模型：具体店名,已接受候选中票数唯一最高
78739,恒隆,商家名称候选,2,大语言模型：具体店名,已接受候选中票数唯一最高
79056,城市超市,商家名称候选,2,大语言模型：具体店名,已接受候选中票数唯一最高
80658,香港广场,商家名称候选,2,大语言模型：具体店名,已接受候选中票数唯一最高
81028,上岛咖啡,商家名称候选,5,票数不少于3,已接受候选中票数唯一最高
81103,欧尚超市,商家名称候选,2,大语言模型：具体店名,已接受候选中票数唯一最高
81490,阿萨姆奶茶,商家名称候选,2,大语言模型：具体店名,已接受候选中票数唯一最高
81770,易买得超市,商家名称候选,2,大语言模型：具体店名,已接受候选中票数唯一最高
81798,青年餐厅,商家名称候选,4,票数不少于3,已接受候选中票数唯一最高
81860,上海,商家名称候选,4,票数不少于3,已接受候选中票数唯一最高
82084,欧尚超市,商家名称候选,2,大语言模型：具体店名,已接受候选中票数唯一最高
82334,大悦城,商家名称候选,3,票数不少于3,已接受候选中票数唯一最高
82477,京东,平台/线上商家候选,2,大语言模型：平台/线上商家名,已接受候选中票数唯一最高
82481,新安,商家名称候选,2,大语言模型：具体店名,已接受候选中票数唯一最高
83126,第一羊火锅,商家名称候选,4,票数不少于3,已接受候选中票数唯一最高
83661,印度奶茶,商家名称候选,5,票数不少于3,已接受候选中票数唯一最高
83672,万得城,商家名称候选,2,大语言模型：具体店名,已接受候选中票数唯一最高
83697,宜家,商家名称候选,2,大语言模型：具体店名,已接受候选中票数唯一最高
84559,汉通,商家名称候选,4,票数不少于3,已接受候选中票数唯一最高
84679,港汇,商家名称候选,2,大语言模型：具体店名,已接受候选中票数唯一最高
85070,贵州大厦,商家名称候选,2,大语言模型：具体店名,已接受候选中票数唯一最高
85328,金源时代,商家名称候选,2,大语言模型：具体店名,已接受候选中票数唯一最高
85898,姜汁奶茶,商家名称候选,3,票数不少于3,已接受候选中票数唯一最高
86615,珍珠奶茶,商家名称候选,3,票数不少于3,已接受候选中票数唯一最高
90710,私家碳烤肉,商家名称候选,3,票数不少于3,已接受候选中票数唯一最高
91421,吉之岛,商家名称候选,2,大语言模型：具体店名,已接受候选中票数唯一最高
91600,乐购,商家名称候选,4,票数不少于3,已接受候选中票数唯一最高
91604,好又多,商家名称候选,3,票数不少于3,已接受候选中票数唯一最高
91611,大型超市,商家名称候选,3,票数不少于3,已接受候选中票数唯一最高
91654,物美超市,商家名称候选,3,票数不少于3,已接受候选中票数唯一最高
91693,海雅,商家名称候选,2,大语言模型：具体店名,已接受候选中票数唯一最高
91722,千盛,商家名称候选,2,大语言模型：具体店名,已接受候选中票数唯一最高
91723,苏宁,平台/线上商家候选,8,票数不少于3,已接受候选中票数唯一最高
91735,人民商场,商家名称候选,4,票数不少于3,已接受候选中票数唯一最高
91736,石路国际,商家名称候选,3,票数不少于3,已接受候选中票数唯一最高
91745,家乐福,商家名称候选,3,票数不少于3,已接受候选中票数唯一最高
91747,沃尔玛超市,商家名称候选,3,票数不少于3,已接受候选中票数唯一最高
91762,其他超市,商家名称候选,3,票数不少于3,已接受候选中票数唯一最高
91763,家乐福,商家名称候选,3,票数不少于3,已接受候选中票数唯一最高
91765,湖边烧烤,商家名称候选,2,大语言模型：具体店名,已接受候选中票数唯一最高
91775,华普超市,商家名称候选,2,大语言模型：具体店名,已接受候选中票数唯一最高
91776,普通超市,商家名称候选,3,票数不少于3,已接受候选中票数唯一最高
91779,美廉美,商家名称候选,2,大语言模型：具体店名,最高票并列，按排序第一项选择
91786,家乐福,商家名称候选,3,票数不少于3,已接受候选中票数唯一最高
91787,家乐福,商家名称候选,2,大语言模型：具体店名,已接受候选中票数唯一最高
91788,动批,商家名称候选,2,大语言模型：具体店名,最高票并列，按排序第一项选择
91797,大中,商家名称候选,4,票数不少于3,已接受候选中票数唯一最高
91799,大中,商家名称候选,2,大语言模型：具体店名,已接受候选中票数唯一最高
91800,国美,商家名称候选,6,票数不少于3,已接受候选中票数唯一最高
91804,东鼎,商家名称候选,2,大语言模型：具体店名,已接受候选中票数唯一最高
91814,一杯咖啡,商家名称候选,2,大语言模型：具体店名,已接受候选中票数唯一最高
91816,百荣,商家名称候选,4,票数不少于3,已接受候选中票数唯一最高
91819,天意,商家名称候选,2,大语言模型：具体店名,已接受候选中票数唯一最高
91823,菜百,商家名称候选,16,票数不少于3,已接受候选中票数唯一最高
91826,华堂,商家名称候选,2,大语言模型：具体店名,最高票并列，按排序第一项选择
91828,美廉美超市,商家名称候选,2,大语言模型：具体店名,已接受候选中票数唯一最高
91874,21世纪饭店,商家名称候选,3,票数不少于3,已接受候选中票数唯一最高
91896,家乐福,商家名称候选,3,票数不少于3,已接受候选中票数唯一最高
91994,乐购,商家名称候选,2,大语言模型：具体店名,已接受候选中票数唯一最高
91995,老凤祥,商家名称候选,4,票数不少于3,已接受候选中票数唯一最高
91996,老凤祥,商家名称候选,4,票数不少于3,已接受候选中票数唯一最高
92002,免税店,商家名称候选,3,票数不少于3,已接受候选中票数唯一最高
92007,乐购,商家名称候选,3,票数不少于3,已接受候选中票数唯一最高
92008,家得利超市,商家名称候选,9,票数不少于3,已接受候选中票数唯一最高
92012,麦德龙,商家名称候选,4,票数不少于3,已接受候选中票数唯一最高
92016,易买得,商家名称候选,3,票数不少于3,已接受候选中票数唯一最高
92017,易买得,商家名称候选,3,票数不少于3,已接受候选中票数唯一最高
92018,卜蜂莲花,商家名称候选,2,大语言模型：具体店名,已接受候选中票数唯一最高
92019,宜家,商家名称候选,4,票数不少于3,已接受候选中票数唯一最高
92020,金海马,商家名称候选,2,大语言模型：具体店名,已接受候选中票数唯一最高
92022,久光,商家名称候选,2,大语言模型：具体店名,已接受候选中票数唯一最高
92027,苏宁,平台/线上商家候选,9,票数不少于3,已接受候选中票数唯一最高
92032,新旺茶餐厅,商家名称候选,2,大语言模型：具体店名,已接受候选中票数唯一最高
92034,好又多,商家名称候选,2,大语言模型：具体店名,已接受候选中票数唯一最高
92036,真丝大王,商家名称候选,2,大语言模型：具体店名,已接受候选中票数唯一最高
92039,都会,商家名称候选,3,票数不少于3,已接受候选中票数唯一最高
92040,大润发,商家名称候选,4,票数不少于3,已接受候选中票数唯一最高
92041,城市超市,商家名称候选,6,票数不少于3,已接受候选中票数唯一最高
92045,香港,商家名称候选,5,票数不少于3,已接受候选中票数唯一最高
92072,好饰家,商家名称候选,2,大语言模型：具体店名,已接受候选中票数唯一最高
92150,家乐福,商家名称候选,3,票数不少于3,已接受候选中票数唯一最高
92276,上海,商家名称候选,3,票数不少于3,已接受候选中票数唯一最高
92330,超市发,商家名称候选,3,票数不少于3,已接受候选中票数唯一最高
92364,六百,商家名称候选,4,票数不少于3,已接受候选中票数唯一最高
92471,巴厘岛餐厅,商家名称候选,3,票数不少于3,已接受候选中票数唯一最高
92488,四海一家,商家名称候选,2,大语言模型：具体店名,最高票并列，按排序第一项选择
92565,大润发,商家名称候选,2,大语言模型：具体店名,已接受候选中票数唯一最高
92652,莫劳洪玺西餐厅,商家名称候选,2,大语言模型：具体店名,已接受候选中票数唯一最高
92669,百佳超市,商家名称候选,2,大语言模型：具体店名,已接受候选中票数唯一最高
92706,武商量贩,商家名称候选,3,票数不少于3,已接受候选中票数唯一最高
92721,佳顺,商家名称候选,3,票数不少于3,已接受候选中票数唯一最高
92802,华联吉,商家名称候选,2,大语言模型：具体店名,已接受候选中票数唯一最高
92830,宜家,商家名称候选,8,票数不少于3,已接受候选中票数唯一最高
92932,开心人,商家名称候选,2,大语言模型：具体店名,已接受候选中票数唯一最高
93185,久光,商家名称候选,2,大语言模型：具体店名,已接受候选中票数唯一最高
93216,娜雅咖啡,商家名称候选,2,大语言模型：具体店名,已接受候选中票数唯一最高
93328,新蛋,商家名称候选,10,票数不少于3,已接受候选中票数唯一最高
93803,延安饭店,商家名称候选,9,票数不少于3,已接受候选中票数唯一最高
93862,巴克公社,商家名称候选,2,大语言模型：具体店名,已接受候选中票数唯一最高
94150,岛上,商家名称候选,4,票数不少于3,已接受候选中票数唯一最高
94289,时代超市,商家名称候选,3,票数不少于3,最高票并列，按排序第一项选择
94350,白马,商家名称候选,3,票数不少于3,已接受候选中票数唯一最高
94351,淘宝,平台/线上商家候选,2,大语言模型：平台/线上商家名,已接受候选中票数唯一最高
94362,沃尔玛超市,商家名称候选,2,大语言模型：具体店名,已接受候选中票数唯一最高
94394,很多酒吧,商家名称候选,3,票数不少于3,已接受候选中票数唯一最高
94492,大润发,商家名称候选,2,大语言模型：具体店名,已接受候选中票数唯一最高
94521,上品,商家名称候选,3,票数不少于3,已接受候选中票数唯一最高
94547,龙之梦,商家名称候选,3,票数不少于3,已接受候选中票数唯一最高
94653,上海,商家名称候选,5,票数不少于3,已接受候选中票数唯一最高
95187,汇宝,商家名称候选,2,大语言模型：具体店名,已接受候选中票数唯一最高
95279,还有甜品,商家名称候选,4,票数不少于3,已接受候选中票数唯一最高
95289,苏宁,平台/线上商家候选,3,票数不少于3,已接受候选中票数唯一最高
95313,曹庄子,商家名称候选,2,大语言模型：具体店名,已接受候选中票数唯一最高
95416,傣妹火锅,商家名称候选,2,大语言模型：具体店名,已接受候选中票数唯一最高
95518,城隍庙,商家名称候选,5,票数不少于3,已接受候选中票数唯一最高
95568,大润发,商家名称候选,2,大语言模型：具体店名,已接受候选中票数唯一最高
95634,满记甜品,商家名称候选,3,票数不少于3,已接受候选中票数唯一最高
95675,屈臣氏,商家名称候选,3,票数不少于3,已接受候选中票数唯一最高
95872,丝芙兰,商家名称候选,3,票数不少于3,已接受候选中票数唯一最高
95905,旋转餐厅,商家名称候选,6,票数不少于3,已接受候选中票数唯一最高
96067,长城饭店,商家名称候选,2,大语言模型：具体店名,已接受候选中票数唯一最高
96156,屈臣氏,商家名称候选,3,票数不少于3,已接受候选中票数唯一最高
96290,淘宝,平台/线上商家候选,4,票数不少于3,已接受候选中票数唯一最高
96758,易迅网,平台/线上商家候选,14,票数不少于3,已接受候选中票数唯一最高
97057,淘宝,平台/线上商家候选,2,大语言模型：平台/线上商家名,已接受候选中票数唯一最高
97156,迪信通,商家名称候选,4,票数不少于3,已接受候选中票数唯一最高
97198,傣妹,商家名称候选,2,大语言模型：具体店名,已接受候选中票数唯一最高
97208,淘宝,平台/线上商家候选,6,票数不少于3,已接受候选中票数唯一最高
97553,玛莎西餐厅,商家名称候选,2,大语言模型：具体店名,已接受候选中票数唯一最高
97591,喝喝咖啡,商家名称候选,2,大语言模型：具体店名,已接受候选中票数唯一最高
97813,淘宝,平台/线上商家候选,2,大语言模型：平台/线上商家名,已接受候选中票数唯一最高
98023,美廉美超市,商家名称候选,2,大语言模型：具体店名,已接受候选中票数唯一最高
98102,屈臣氏,商家名称候选,2,大语言模型：具体店名,已接受候选中票数唯一最高
98164,沃尔玛超市,商家名称候选,2,大语言模型：具体店名,已接受候选中票数唯一最高
98173,苏宁,平台/线上商家候选,5,票数不少于3,已接受候选中票数唯一最高
98220,新东新,商家名称候选,5,票数不少于3,已接受候选中票数唯一最高
98335,易买得超市,商家名称候选,2,大语言模型：具体店名,最高票并列，按排序第一项选择
98460,十九涌,商家名称候选,5,票数不少于3,已接受候选中票数唯一最高
98465,专柜,商家名称候选,3,票数不少于3,已接受候选中票数唯一最高
98671,迪信通,商家名称候选,2,大语言模型：具体店名,已接受候选中票数唯一最高
98805,大脚丫,商家名称候选,2,大语言模型：具体店名,已接受候选中票数唯一最高
98884,山上,商家名称候选,3,票数不少于3,已接受候选中票数唯一最高
98987,家乐福,商家名称候选,2,大语言模型：具体店名,已接受候选中票数唯一最高
100215,周大福,商家名称候选,2,大语言模型：具体店名,已接受候选中票数唯一最高
100677,淘宝,平台/线上商家候选,6,票数不少于3,已接受候选中票数唯一最高
100806,淘宝,平台/线上商家候选,6,票数不少于3,已接受候选中票数唯一最高
100985,巴西烤肉,商家名称候选,2,大语言模型：具体店名,已接受候选中票数唯一最高
101002,延安饭店,商家名称候选,4,票数不少于3,已接受候选中票数唯一最高
101092,宜家,商家名称候选,3,票数不少于3,已接受候选中票数唯一最高
101104,宝岛,商家名称候选,3,票数不少于3,已接受候选中票数唯一最高
101108,翠贝卡,商家名称候选,2,大语言模型：具体店名,已接受候选中票数唯一最高
101135,十九涌,商家名称候选,3,票数不少于3,最高票并列，按排序第一项选择
101717,四季坊,商家名称候选,2,大语言模型：具体店名,已接受候选中票数唯一最高
101862,星光,商家名称候选,2,大语言模型：具体店名,已接受候选中票数唯一最高
102374,家乐福超市,商家名称候选,3,票数不少于3,已接受候选中票数唯一最高
102532,欧尚超市,商家名称候选,3,票数不少于3,已接受候选中票数唯一最高
102536,华冠,商家名称候选,2,大语言模型：具体店名,已接受候选中票数唯一最高
102692,卓越网,平台/线上商家候选,21,票数不少于3,已接受候选中票数唯一最高
103405,优衣库,商家名称候选,3,票数不少于3,已接受候选中票数唯一最高
103452,苏州,商家名称候选,6,票数不少于3,已接受候选中票数唯一最高
103606,天天,商家名称候选,5,票数不少于3,已接受候选中票数唯一最高
103955,联华超市,商家名称候选,2,大语言模型：具体店名,已接受候选中票数唯一最高
104023,价格比超市,商家名称候选,3,票数不少于3,已接受候选中票数唯一最高
104551,屈臣氏,商家名称候选,5,票数不少于3,已接受候选中票数唯一最高
104644,扬子饭店,商家名称候选,2,大语言模型：具体店名,已接受候选中票数唯一最高
104660,吉之岛,商家名称候选,2,大语言模型：具体店名,已接受候选中票数唯一最高
104986,小小的咖啡,商家名称候选,2,大语言模型：具体店名,已接受候选中票数唯一最高
105214,实体店,商家名称候选,4,票数不少于3,已接受候选中票数唯一最高
105302,正大,商家名称候选,2,大语言模型：具体店名,已接受候选中票数唯一最高
105674,万达,商家名称候选,3,票数不少于3,最高票并列，按排序第一项选择
105943,国内,商家名称候选,3,票数不少于3,已接受候选中票数唯一最高
106044,兰笋山庄,商家名称候选,2,大语言模型：具体店名,已接受候选中票数唯一最高
106370,家乐福,商家名称候选,4,票数不少于3,已接受候选中票数唯一最高
106722,11便利店,商家名称候选,3,票数不少于3,已接受候选中票数唯一最高
106739,光明饭店,商家名称候选,4,票数不少于3,已接受候选中票数唯一最高
107233,河北饭店,商家名称候选,2,大语言模型：具体店名,已接受候选中票数唯一最高
107241,只有奶茶,商家名称候选,2,大语言模型：具体店名,已接受候选中票数唯一最高
107386,现场,商家名称候选,3,票数不少于3,已接受候选中票数唯一最高
107462,欧尚,商家名称候选,2,大语言模型：具体店名,已接受候选中票数唯一最高
107921,半岛,商家名称候选,3,票数不少于3,已接受候选中票数唯一最高
108021,中国黄金,商家名称候选,2,大语言模型：具体店名,已接受候选中票数唯一最高
108079,家乐福超市,商家名称候选,2,大语言模型：具体店名,已接受候选中票数唯一最高
108099,沃尔玛超市,商家名称候选,5,票数不少于3,已接受候选中票数唯一最高
108710,北辰,商家名称候选,3,票数不少于3,已接受候选中票数唯一最高
108778,华润万家超市,商家名称候选,2,大语言模型：具体店名,已接受候选中票数唯一最高
109116,蓝色港湾的酒吧,商家名称候选,3,票数不少于3,已接受候选中票数唯一最高
109199,全家,商家名称候选,4,票数不少于3,已接受候选中票数唯一最高
109307,11便利店,商家名称候选,2,大语言模型：具体店名,已接受候选中票数唯一最高
109582,多膳客火锅,商家名称候选,4,票数不少于3,已接受候选中票数唯一最高
109957,山姆,商家名称候选,2,大语言模型：具体店名,已接受候选中票数唯一最高
109964,2楼的谷乐滋,商家名称候选,2,大语言模型：具体店名,已接受候选中票数唯一最高
110280,都恩客,商家名称候选,2,大语言模型：具体店名,已接受候选中票数唯一最高
110550,爱婴室,商家名称候选,2,大语言模型：具体店名,已接受候选中票数唯一最高
110875,全家,商家名称候选,5,票数不少于3,已接受候选中票数唯一最高
110976,大货栈,商家名称候选,2,大语言模型：具体店名,已接受候选中票数唯一最高
111501,嘉茂,商家名称候选,4,票数不少于3,已接受候选中票数唯一最高
111588,自助火锅,商家名称候选,5,票数不少于3,已接受候选中票数唯一最高
111634,乐购,商家名称候选,2,大语言模型：具体店名,已接受候选中票数唯一最高
111985,太平洋咖啡,商家名称候选,2,大语言模型：具体店名,已接受候选中票数唯一最高
112097,龙之梦,商家名称候选,2,大语言模型：具体店名,已接受候选中票数唯一最高
112366,大悦城,商家名称候选,3,票数不少于3,已接受候选中票数唯一最高
112459,广州酒家,商家名称候选,3,票数不少于3,已接受候选中票数唯一最高
112665,母婴之家,商家名称候选,3,票数不少于3,已接受候选中票数唯一最高
113297,上海,商家名称候选,3,票数不少于3,已接受候选中票数唯一最高
114130,油切奶茶,商家名称候选,3,票数不少于3,已接受候选中票数唯一最高
115429,永辉超市,商家名称候选,2,大语言模型：具体店名,已接受候选中票数唯一最高
115766,旋转餐厅,商家名称候选,2,大语言模型：具体店名,已接受候选中票数唯一最高
115833,国际饭店,商家名称候选,18,票数不少于3,已接受候选中票数唯一最高
115993,浦江饭店,商家名称候选,9,票数不少于3,已接受候选中票数唯一最高
116021,沧浪亭,商家名称候选,2,大语言模型：具体店名,已接受候选中票数唯一最高
116027,新加坡,商家名称候选,3,票数不少于3,已接受候选中票数唯一最高
116244,武汉,商家名称候选,3,票数不少于3,已接受候选中票数唯一最高
119185,新旺,商家名称候选,2,大语言模型：具体店名,已接受候选中票数唯一最高
119457,秦妈火锅,商家名称候选,2,大语言模型：具体店名,已接受候选中票数唯一最高
121225,一楼太阳阁西餐厅,商家名称候选,2,大语言模型：具体店名,已接受候选中票数唯一最高
122572,翡冷翠,商家名称候选,3,票数不少于3,已接受候选中票数唯一最高
122699,天河城百货,商家名称候选,2,大语言模型：具体店名,已接受候选中票数唯一最高
122700,屈臣氏,商家名称候选,5,票数不少于3,已接受候选中票数唯一最高
122701,百佳,商家名称候选,6,票数不少于3,已接受候选中票数唯一最高
122702,好又多,商家名称候选,3,票数不少于3,已接受候选中票数唯一最高
122703,宜家,商家名称候选,3,票数不少于3,已接受候选中票数唯一最高
122711,购书中心,商家名称候选,2,大语言模型：具体店名,已接受候选中票数唯一最高
122736,欧尚超市,商家名称候选,5,票数不少于3,已接受候选中票数唯一最高
122740,银时代,商家名称候选,2,大语言模型：具体店名,已接受候选中票数唯一最高
122741,银泰,商家名称候选,4,票数不少于3,已接受候选中票数唯一最高
122797,天虹,商家名称候选,2,大语言模型：具体店名,已接受候选中票数唯一最高
122801,家乐福,商家名称候选,2,大语言模型：具体店名,已接受候选中票数唯一最高
122805,香港,商家名称候选,6,票数不少于3,已接受候选中票数唯一最高
122826,百盛,商家名称候选,3,票数不少于3,已接受候选中票数唯一最高
122839,华东装饰城,商家名称候选,2,大语言模型：具体店名,已接受候选中票数唯一最高
122840,新华书店,商家名称候选,6,票数不少于3,已接受候选中票数唯一最高
122841,友通,商家名称候选,3,票数不少于3,已接受候选中票数唯一最高
122866,通灵,商家名称候选,4,票数不少于3,已接受候选中票数唯一最高
122887,京客隆超市,商家名称候选,2,大语言模型：具体店名,已接受候选中票数唯一最高
122889,物美超市,商家名称候选,2,大语言模型：具体店名,已接受候选中票数唯一最高
122893,屈臣氏,商家名称候选,4,票数不少于3,已接受候选中票数唯一最高
122904,集美,商家名称候选,2,大语言模型：具体店名,已接受候选中票数唯一最高
122922,西单,商家名称候选,4,票数不少于3,已接受候选中票数唯一最高
122943,农家院,商家名称候选,2,大语言模型：具体店名,已接受候选中票数唯一最高
122970,淘宝,平台/线上商家候选,2,大语言模型：平台/线上商家名,已接受候选中票数唯一最高
122977,王府井,商家名称候选,3,票数不少于3,已接受候选中票数唯一最高
122998,和平饭店,商家名称候选,3,票数不少于3,已接受候选中票数唯一最高
123011,新天地,商家名称候选,3,票数不少于3,已接受候选中票数唯一最高
123063,欧尚超市,商家名称候选,6,票数不少于3,已接受候选中票数唯一最高
123066,乐购,商家名称候选,2,大语言模型：具体店名,已接受候选中票数唯一最高
123068,家乐福,商家名称候选,2,大语言模型：具体店名,已接受候选中票数唯一最高
123069,家乐福,商家名称候选,4,票数不少于3,已接受候选中票数唯一最高
123074,周生生,商家名称候选,4,票数不少于3,已接受候选中票数唯一最高
123078,香港,商家名称候选,4,票数不少于3,已接受候选中票数唯一最高
123086,好又多超市,商家名称候选,3,票数不少于3,已接受候选中票数唯一最高
123093,城市超市,商家名称候选,7,票数不少于3,已接受候选中票数唯一最高
123109,国内,商家名称候选,3,票数不少于3,已接受候选中票数唯一最高
123120,西郊百联,商家名称候选,2,大语言模型：具体店名,已接受候选中票数唯一最高
123123,丝芙兰,商家名称候选,5,票数不少于3,已接受候选中票数唯一最高
123148,百老汇,商家名称候选,2,大语言模型：具体店名,已接受候选中票数唯一最高
123168,辛巴克,商家名称候选,2,大语言模型：具体店名,已接受候选中票数唯一最高
123182,百安居,商家名称候选,2,大语言模型：具体店名,已接受候选中票数唯一最高
123185,最后的甜品,商家名称候选,2,大语言模型：具体店名,已接受候选中票数唯一最高
123378,龙之梦,商家名称候选,4,票数不少于3,已接受候选中票数唯一最高
123385,屈臣氏,商家名称候选,2,大语言模型：具体店名,已接受候选中票数唯一最高
123420,超市发,商家名称候选,3,票数不少于3,已接受候选中票数唯一最高
123764,珍珠奶茶,商家名称候选,5,票数不少于3,已接受候选中票数唯一最高
124075,苏宁,平台/线上商家候选,6,票数不少于3,已接受候选中票数唯一最高
124297,淘宝,平台/线上商家候选,2,大语言模型：平台/线上商家名,已接受候选中票数唯一最高
124608,五角场,商家名称候选,4,票数不少于3,已接受候选中票数唯一最高
124615,苏宁,平台/线上商家候选,7,票数不少于3,已接受候选中票数唯一最高
124685,远东,商家名称候选,4,票数不少于3,已接受候选中票数唯一最高
124717,东方书报亭,商家名称候选,3,票数不少于3,已接受候选中票数唯一最高
124760,平价药店,商家名称候选,2,大语言模型：具体店名,已接受候选中票数唯一最高
124839,宝山,商家名称候选,3,票数不少于3,最高票并列，按排序第一项选择
124865,港式茶餐厅,商家名称候选,2,大语言模型：具体店名,已接受候选中票数唯一最高
124878,火车站,商家名称候选,5,票数不少于3,已接受候选中票数唯一最高
124943,哪里,商家名称候选,3,票数不少于3,已接受候选中票数唯一最高
124966,热风,商家名称候选,4,票数不少于3,已接受候选中票数唯一最高
125366,家乐福,商家名称候选,3,票数不少于3,已接受候选中票数唯一最高
125372,好又多,商家名称候选,4,票数不少于3,已接受候选中票数唯一最高
125641,宏村,商家名称候选,3,票数不少于3,已接受候选中票数唯一最高
125664,伊势丹,商家名称候选,3,票数不少于3,已接受候选中票数唯一最高
126471,宝大祥,商家名称候选,2,大语言模型：具体店名,已接受候选中票数唯一最高
126883,福泰,商家名称候选,2,大语言模型：具体店名,已接受候选中票数唯一最高
126886,中友,商家名称候选,2,大语言模型：具体店名,已接受候选中票数唯一最高
127088,免税店,商家名称候选,3,票数不少于3,已接受候选中票数唯一最高
127137,周大福,商家名称候选,5,票数不少于3,最高票并列，按排序第一项选择
127149,香港,商家名称候选,4,票数不少于3,已接受候选中票数唯一最高
127160,法宝超市,商家名称候选,3,票数不少于3,已接受候选中票数唯一最高
127162,凯宾斯基饭店,商家名称候选,2,大语言模型：具体店名,已接受候选中票数唯一最高
127178,淘宝,平台/线上商家候选,4,票数不少于3,已接受候选中票数唯一最高
127417,华忆百货,商家名称候选,3,票数不少于3,已接受候选中票数唯一最高
127476,金陵大饭店,商家名称候选,2,大语言模型：具体店名,已接受候选中票数唯一最高
127766,金源,商家名称候选,4,票数不少于3,已接受候选中票数唯一最高
127777,淘宝,平台/线上商家候选,3,票数不少于3,已接受候选中票数唯一最高
127894,越南奶茶,商家名称候选,2,大语言模型：具体店名,已接受候选中票数唯一最高
127912,好宜,商家名称候选,2,大语言模型：具体店名,最高票并列，按排序第一项选择
127994,淘宝,平台/线上商家候选,2,大语言模型：平台/线上商家名,已接受候选中票数唯一最高
128029,不过超市,商家名称候选,2,大语言模型：具体店名,最高票并列，按排序第一项选择
128384,热风,商家名称候选,2,大语言模型：具体店名,已接受候选中票数唯一最高
128507,周大福,商家名称候选,5,票数不少于3,已接受候选中票数唯一最高
128695,家乐福,商家名称候选,2,大语言模型：具体店名,已接受候选中票数唯一最高
128873,百佳超市,商家名称候选,2,大语言模型：具体店名,已接受候选中票数唯一最高
129056,国际饭店,商家名称候选,2,大语言模型：具体店名,最高票并列，按排序第一项选择
129269,万达,商家名称候选,4,票数不少于3,已接受候选中票数唯一最高
129362,北京饭店,商家名称候选,20,票数不少于3,已接受候选中票数唯一最高
129527,浦江饭店,商家名称候选,8,票数不少于3,已接受候选中票数唯一最高
129758,麦当劳,商家名称候选,2,大语言模型：具体店名,已接受候选中票数唯一最高
130543,和合谷,商家名称候选,2,大语言模型：具体店名,已接受候选中票数唯一最高
130566,海鲜城,商家名称候选,2,大语言模型：具体店名,已接受候选中票数唯一最高
130603,易买得超市,商家名称候选,3,票数不少于3,最高票并列，按排序第一项选择
130656,德宝饭店,商家名称候选,2,大语言模型：具体店名,已接受候选中票数唯一最高
130950,傣妹火锅,商家名称候选,3,票数不少于3,已接受候选中票数唯一最高
131321,全家,商家名称候选,11,票数不少于3,已接受候选中票数唯一最高
131672,后海的酒吧,商家名称候选,3,票数不少于3,已接受候选中票数唯一最高
132243,星游城,商家名称候选,2,大语言模型：具体店名,已接受候选中票数唯一最高
132408,新旺茶餐厅,商家名称候选,4,票数不少于3,已接受候选中票数唯一最高
132803,中关村,商家名称候选,3,票数不少于3,已接受候选中票数唯一最高
133253,淘宝,平台/线上商家候选,2,大语言模型：平台/线上商家名,已接受候选中票数唯一最高
133258,俄罗斯餐厅,商家名称候选,3,票数不少于3,已接受候选中票数唯一最高
133368,昆仑饭店,商家名称候选,7,票数不少于3,已接受候选中票数唯一最高
133384,喝喝咖啡,商家名称候选,2,大语言模型：具体店名,已接受候选中票数唯一最高
133628,11便利店,商家名称候选,4,票数不少于3,已接受候选中票数唯一最高
133888,淘宝,平台/线上商家候选,2,大语言模型：平台/线上商家名,已接受候选中票数唯一最高
134152,双拼奶茶,商家名称候选,7,票数不少于3,最高票并列，按排序第一项选择
134200,啵拿咖啡,商家名称候选,2,大语言模型：具体店名,已接受候选中票数唯一最高
134394,香港老饭店,商家名称候选,2,大语言模型：具体店名,已接受候选中票数唯一最高
134506,上海,商家名称候选,5,票数不少于3,已接受候选中票数唯一最高
134843,嘉茂,商家名称候选,3,票数不少于3,已接受候选中票数唯一最高
134994,罗宾森,商家名称候选,2,大语言模型：具体店名,已接受候选中票数唯一最高
135248,京东,平台/线上商家候选,3,票数不少于3,已接受候选中票数唯一最高
135377,龙之梦,商家名称候选,2,大语言模型：具体店名,已接受候选中票数唯一最高
135629,调频壹,商家名称候选,2,大语言模型：具体店名,已接受候选中票数唯一最高
135693,打算,商家名称候选,3,票数不少于3,已接受候选中票数唯一最高
135760,迪美,商家名称候选,2,大语言模型：具体店名,已接受候选中票数唯一最高
135820,建国饭店,商家名称候选,5,票数不少于3,已接受候选中票数唯一最高
135881,都会,商家名称候选,2,大语言模型：具体店名,已接受候选中票数唯一最高
135991,北海道奶茶,商家名称候选,9,票数不少于3,已接受候选中票数唯一最高
136528,乐蜂网,商家名称候选,2,大语言模型：平台/线上商家名,最高票并列，按排序第一项选择
136547,后海酒吧,商家名称候选,2,大语言模型：具体店名,已接受候选中票数唯一最高
136596,山姆,商家名称候选,3,票数不少于3,已接受候选中票数唯一最高
137049,卓越网,平台/线上商家候选,13,票数不少于3,已接受候选中票数唯一最高
137371,红辣椒,商家名称候选,3,票数不少于3,已接受候选中票数唯一最高
137496,家乐福,商家名称候选,3,票数不少于3,已接受候选中票数唯一最高
137578,万达,商家名称候选,2,大语言模型：具体店名,已接受候选中票数唯一最高
137802,大悦城,商家名称候选,2,大语言模型：具体店名,已接受候选中票数唯一最高
138881,华堂超市,商家名称候选,2,大语言模型：具体店名,已接受候选中票数唯一最高
138916,宜家,商家名称候选,4,票数不少于3,已接受候选中票数唯一最高
139271,乐淘,商家名称候选,2,大语言模型：具体店名,最高票并列，按排序第一项选择
139357,苏宁,平台/线上商家候选,2,大语言模型：平台/线上商家名,已接受候选中票数唯一最高
139865,圣摩珂咖啡,商家名称候选,2,大语言模型：具体店名,已接受候选中票数唯一最高
140476,港式奶茶,商家名称候选,3,票数不少于3,已接受候选中票数唯一最高
141170,BLT超市,商家名称候选,2,大语言模型：具体店名,已接受候选中票数唯一最高
141355,11便利店,商家名称候选,3,票数不少于3,已接受候选中票数唯一最高
141795,京东,平台/线上商家候选,8,票数不少于3,已接受候选中票数唯一最高
143104,古北家乐福,商家名称候选,2,大语言模型：具体店名,已接受候选中票数唯一最高
143229,乐宾,商家名称候选,3,票数不少于3,已接受候选中票数唯一最高
144425,正大,商家名称候选,2,大语言模型：具体店名,已接受候选中票数唯一最高
144542,大拇指广场,商家名称候选,3,票数不少于3,已接受候选中票数唯一最高
144781,建银饭店,商家名称候选,2,大语言模型：具体店名,已接受候选中票数唯一最高
145920,无限度,商家名称候选,6,票数不少于3,已接受候选中票数唯一最高
147966,招牌奶茶,商家名称候选,5,票数不少于3,已接受候选中票数唯一最高
148214,天都火锅,商家名称候选,4,票数不少于3,已接受候选中票数唯一最高
149099,和平饭店,商家名称候选,5,票数不少于3,已接受候选中票数唯一最高
149172,鸿运,商家名称候选,3,票数不少于3,已接受候选中票数唯一最高
151405,平和堂,商家名称候选,2,大语言模型：具体店名,已接受候选中票数唯一最高
151413,家乐福,商家名称候选,3,票数不少于3,已接受候选中票数唯一最高
151414,百佳超市,商家名称候选,6,票数不少于3,已接受候选中票数唯一最高
151415,好又多,商家名称候选,2,大语言模型：具体店名,已接受候选中票数唯一最高
151424,苏宁,平台/线上商家候选,8,票数不少于3,已接受候选中票数唯一最高
151458,衣之家,商家名称候选,2,大语言模型：具体店名,已接受候选中票数唯一最高
151493,麦德龙,商家名称候选,3,票数不少于3,已接受候选中票数唯一最高
151494,苏宁,平台/线上商家候选,2,大语言模型：平台/线上商家名,已接受候选中票数唯一最高
151522,牛厨,商家名称候选,2,大语言模型：具体店名,已接受候选中票数唯一最高
151531,中英街,商家名称候选,4,票数不少于3,已接受候选中票数唯一最高
151536,家乐福,商家名称候选,2,大语言模型：具体店名,已接受候选中票数唯一最高
151551,家门口的超市,商家名称候选,3,票数不少于3,已接受候选中票数唯一最高
151552,乐购,商家名称候选,2,大语言模型：具体店名,已接受候选中票数唯一最高
151593,华普超市,商家名称候选,4,票数不少于3,已接受候选中票数唯一最高
151595,离家最近的超市,商家名称候选,4,票数不少于3,已接受候选中票数唯一最高
151597,美廉美超市,商家名称候选,2,大语言模型：具体店名,已接受候选中票数唯一最高
151600,中关村,商家名称候选,4,票数不少于3,已接受候选中票数唯一最高
151606,国美,商家名称候选,2,大语言模型：具体店名,已接受候选中票数唯一最高
151626,北辰超市,商家名称候选,2,大语言模型：具体店名,已接受候选中票数唯一最高
151630,华堂超市,商家名称候选,2,大语言模型：具体店名,已接受候选中票数唯一最高
151631,蓝岛,商家名称候选,2,大语言模型：具体店名,已接受候选中票数唯一最高
151635,中友,商家名称候选,2,大语言模型：具体店名,已接受候选中票数唯一最高
151640,此居,商家名称候选,2,大语言模型：具体店名,已接受候选中票数唯一最高
151728,朱家角,商家名称候选,2,大语言模型：具体店名,已接受候选中票数唯一最高
151757,旧上海的咖啡,商家名称候选,3,票数不少于3,已接受候选中票数唯一最高
151813,热风,商家名称候选,2,大语言模型：具体店名,已接受候选中票数唯一最高
151814,香港,商家名称候选,8,票数不少于3,已接受候选中票数唯一最高
151815,上海,商家名称候选,3,票数不少于3,已接受候选中票数唯一最高
151817,农工商,商家名称候选,2,大语言模型：具体店名,已接受候选中票数唯一最高
151821,家乐福超市,商家名称候选,3,票数不少于3,已接受候选中票数唯一最高
151834,沃尔玛,商家名称候选,4,票数不少于3,已接受候选中票数唯一最高
151836,月星,商家名称候选,3,票数不少于3,已接受候选中票数唯一最高
151837,苏宁,平台/线上商家候选,2,大语言模型：平台/线上商家名,已接受候选中票数唯一最高
151843,好德,商家名称候选,6,票数不少于3,已接受候选中票数唯一最高
151851,帮宝宝,商家名称候选,2,大语言模型：具体店名,已接受候选中票数唯一最高
151852,还有超市,商家名称候选,4,票数不少于3,已接受候选中票数唯一最高
151853,百安居,商家名称候选,2,大语言模型：具体店名,已接受候选中票数唯一最高
151870,日本,商家名称候选,3,票数不少于3,已接受候选中票数唯一最高
151873,永辉超市,商家名称候选,2,大语言模型：具体店名,已接受候选中票数唯一最高
151881,首航超市,商家名称候选,4,票数不少于3,已接受候选中票数唯一最高
151902,热风,商家名称候选,3,票数不少于3,已接受候选中票数唯一最高
151940,永乐,商家名称候选,4,票数不少于3,已接受候选中票数唯一最高
151984,新亚,商家名称候选,4,票数不少于3,已接受候选中票数唯一最高
152006,丝芙兰,商家名称候选,2,大语言模型：具体店名,已接受候选中票数唯一最高
152164,翠宫饭店,商家名称候选,2,大语言模型：具体店名,已接受候选中票数唯一最高
152168,方庄,商家名称候选,3,票数不少于3,已接受候选中票数唯一最高
152184,大洋,商家名称候选,2,大语言模型：具体店名,已接受候选中票数唯一最高
152278,老川鲁,商家名称候选,2,大语言模型：具体店名,已接受候选中票数唯一最高
152280,百盛,商家名称候选,2,大语言模型：具体店名,已接受候选中票数唯一最高
152338,世纪金源大饭店,商家名称候选,2,大语言模型：具体店名,已接受候选中票数唯一最高
152429,母婴之家,商家名称候选,4,票数不少于3,已接受候选中票数唯一最高
152447,家乐福,商家名称候选,3,票数不少于3,已接受候选中票数唯一最高
152780,迪卡侬,商家名称候选,3,票数不少于3,已接受候选中票数唯一最高
153119,屈臣氏,商家名称候选,2,大语言模型：具体店名,已接受候选中票数唯一最高
153130,山上,商家名称候选,4,票数不少于3,已接受候选中票数唯一最高
153479,盘古烤肉,商家名称候选,2,大语言模型：具体店名,已接受候选中票数唯一最高
153568,淘宝,平台/线上商家候选,2,大语言模型：平台/线上商家名,已接受候选中票数唯一最高
153626,巴西烤肉,商家名称候选,6,票数不少于3,已接受候选中票数唯一最高
153835,商务中心,商家名称候选,6,票数不少于3,已接受候选中票数唯一最高
153921,家乐福超市,商家名称候选,2,大语言模型：具体店名,已接受候选中票数唯一最高
153987,药店,商家名称候选,3,票数不少于3,已接受候选中票数唯一最高
154001,李公堤,商家名称候选,2,大语言模型：具体店名,已接受候选中票数唯一最高
154159,华臣,商家名称候选,2,大语言模型：具体店名,已接受候选中票数唯一最高
154303,大石家私城,商家名称候选,2,大语言模型：具体店名,已接受候选中票数唯一最高
154329,家乐福,商家名称候选,5,票数不少于3,已接受候选中票数唯一最高
154475,老街,商家名称候选,2,大语言模型：具体店名,已接受候选中票数唯一最高
154731,梅家坞,商家名称候选,2,大语言模型：具体店名,已接受候选中票数唯一最高
154773,新錦江,商家名称候选,2,大语言模型：具体店名,最高票并列，按排序第一项选择
154829,乐购,商家名称候选,2,大语言模型：具体店名,已接受候选中票数唯一最高
154911,物美超市,商家名称候选,3,票数不少于3,已接受候选中票数唯一最高
155143,山上,商家名称候选,4,票数不少于3,已接受候选中票数唯一最高
155220,沃尔玛,商家名称候选,2,大语言模型：具体店名,已接受候选中票数唯一最高
155330,巴黎春天,商家名称候选,2,大语言模型：具体店名,最高票并列，按排序第一项选择
155516,的时候,商家名称候选,3,票数不少于3,已接受候选中票数唯一最高
155926,龙之梦,商家名称候选,2,大语言模型：具体店名,已接受候选中票数唯一最高
156009,日本,商家名称候选,3,票数不少于3,已接受候选中票数唯一最高
156172,海叙厅及大堂茵欣咖啡,商家名称候选,2,大语言模型：具体店名,已接受候选中票数唯一最高
156253,诺基亚专卖店,商家名称候选,2,大语言模型：具体店名,已接受候选中票数唯一最高
156335,湖滨饭店,商家名称候选,3,票数不少于3,已接受候选中票数唯一最高
156455,女人街,商家名称候选,2,大语言模型：具体店名,已接受候选中票数唯一最高
156472,物美超市,商家名称候选,2,大语言模型：具体店名,已接受候选中票数唯一最高
156508,喝喝咖啡,商家名称候选,2,大语言模型：具体店名,已接受候选中票数唯一最高
156512,吉之岛超市,商家名称候选,3,票数不少于3,已接受候选中票数唯一最高
156538,农工商超市,商家名称候选,4,票数不少于3,已接受候选中票数唯一最高
156619,家乐福超市,商家名称候选,2,大语言模型：具体店名,已接受候选中票数唯一最高
156629,银泰,商家名称候选,2,大语言模型：具体店名,已接受候选中票数唯一最高
156876,正大,商家名称候选,2,大语言模型：具体店名,已接受候选中票数唯一最高
156901,家乐福,商家名称候选,2,大语言模型：具体店名,已接受候选中票数唯一最高
157160,莎莎,商家名称候选,2,大语言模型：具体店名,已接受候选中票数唯一最高
157540,大宁,商家名称候选,2,大语言模型：具体店名,已接受候选中票数唯一最高
157568,苏宁,平台/线上商家候选,4,票数不少于3,已接受候选中票数唯一最高
157764,北京饭店,商家名称候选,2,大语言模型：具体店名,已接受候选中票数唯一最高
157780,广州酒家,商家名称候选,4,票数不少于3,已接受候选中票数唯一最高
157782,价格比超市,商家名称候选,3,票数不少于3,已接受候选中票数唯一最高
157977,友通,商家名称候选,2,大语言模型：具体店名,已接受候选中票数唯一最高
158016,上海的墓地即现在的霍山公园,商家名称候选,3,票数不少于3,已接受候选中票数唯一最高
158060,中国大饭店,商家名称候选,6,票数不少于3,已接受候选中票数唯一最高
158125,避风塘奶茶,商家名称候选,2,大语言模型：具体店名,已接受候选中票数唯一最高
158291,淘宝,平台/线上商家候选,2,大语言模型：平台/线上商家名,已接受候选中票数唯一最高
158618,卓越网,平台/线上商家候选,3,票数不少于3,已接受候选中票数唯一最高
159151,卓悦,商家名称候选,2,大语言模型：具体店名,已接受候选中票数唯一最高
159198,新城饭店,商家名称候选,2,大语言模型：具体店名,已接受候选中票数唯一最高
159201,九星,商家名称候选,7,票数不少于3,已接受候选中票数唯一最高
160047,百思,商家名称候选,2,大语言模型：具体店名,已接受候选中票数唯一最高
160165,家乐福,商家名称候选,2,大语言模型：具体店名,已接受候选中票数唯一最高
160970,淘宝,平台/线上商家候选,2,大语言模型：平台/线上商家名,已接受候选中票数唯一最高
161524,正大广场,商家名称候选,2,大语言模型：具体店名,已接受候选中票数唯一最高
161795,国大药房,商家名称候选,3,票数不少于3,已接受候选中票数唯一最高
162313,永辉超市,商家名称候选,5,票数不少于3,已接受候选中票数唯一最高
162678,京东,平台/线上商家候选,2,大语言模型：平台/线上商家名,已接受候选中票数唯一最高
162774,江湖烤肉,商家名称候选,3,票数不少于3,已接受候选中票数唯一最高
163025,乐购,商家名称候选,5,票数不少于3,已接受候选中票数唯一最高
163234,龙之梦,商家名称候选,2,大语言模型：具体店名,已接受候选中票数唯一最高
163660,优衣库,商家名称候选,2,大语言模型：具体店名,已接受候选中票数唯一最高
164316,花园饭店,商家名称候选,3,票数不少于3,已接受候选中票数唯一最高
164434,摩卡咖啡,商家名称候选,3,票数不少于3,已接受候选中票数唯一最高
165135,国泰,商家名称候选,3,票数不少于3,已接受候选中票数唯一最高
165491,国内,商家名称候选,3,票数不少于3,已接受候选中票数唯一最高
166168,青年餐厅,商家名称候选,4,票数不少于3,已接受候选中票数唯一最高
166173,百联,商家名称候选,2,大语言模型：具体店名,已接受候选中票数唯一最高
166354,COCO奶茶,商家名称候选,2,大语言模型：具体店名,已接受候选中票数唯一最高
166432,满记甜品,商家名称候选,2,大语言模型：具体店名,已接受候选中票数唯一最高
166508,世纪联华,商家名称候选,2,大语言模型：具体店名,已接受候选中票数唯一最高
166509,丽都饭店,商家名称候选,2,大语言模型：具体店名,已接受候选中票数唯一最高
167200,万达,商家名称候选,2,大语言模型：具体店名,已接受候选中票数唯一最高
167301,大润发,商家名称候选,3,票数不少于3,已接受候选中票数唯一最高
167476,广州酒家,商家名称候选,14,票数不少于3,已接受候选中票数唯一最高
167661,满记甜品,商家名称候选,4,票数不少于3,已接受候选中票数唯一最高
167686,当当,平台/线上商家候选,4,票数不少于3,已接受候选中票数唯一最高
167810,国美国顺路店购,商家名称候选,2,大语言模型：具体店名,已接受候选中票数唯一最高
167878,群光,商家名称候选,2,大语言模型：具体店名,已接受候选中票数唯一最高
168357,全家,商家名称候选,2,大语言模型：具体店名,已接受候选中票数唯一最高
168947,日月光,商家名称候选,2,大语言模型：具体店名,已接受候选中票数唯一最高
169119,美团上,商家名称候选,2,大语言模型：平台/线上商家名,已接受候选中票数唯一最高
169172,淘宝,平台/线上商家候选,2,大语言模型：平台/线上商家名,已接受候选中票数唯一最高
169360,洋葱餐厅,商家名称候选,3,票数不少于3,已接受候选中票数唯一最高
169394,寿司王子,商家名称候选,2,大语言模型：具体店名,已接受候选中票数唯一最高
170270,大商,商家名称候选,2,大语言模型：具体店名,已接受候选中票数唯一最高
170307,胖乐乐火锅,商家名称候选,2,大语言模型：具体店名,已接受候选中票数唯一最高
170798,附庸风雅滴咖啡,商家名称候选,2,大语言模型：具体店名,已接受候选中票数唯一最高
171331,圣熙8号,商家名称候选,2,大语言模型：具体店名,已接受候选中票数唯一最高
171338,国际饭店,商家名称候选,4,票数不少于3,已接受候选中票数唯一最高
171641,进口超市,商家名称候选,3,票数不少于3,已接受候选中票数唯一最高
173459,城市超市,商家名称候选,10,票数不少于3,已接受候选中票数唯一最高
174019,1号店,平台/线上商家候选,7,票数不少于3,已接受候选中票数唯一最高
174088,百盛,商家名称候选,3,票数不少于3,已接受候选中票数唯一最高
176494,海鸥饭店,商家名称候选,3,票数不少于3,已接受候选中票数唯一最高
177555,广州,商家名称候选,4,票数不少于3,已接受候选中票数唯一最高
179711,龙之梦大超市,商家名称候选,2,大语言模型：具体店名,最高票并列，按排序第一项选择
181297,整个饭店,商家名称候选,3,票数不少于3,已接受候选中票数唯一最高
181853,一心烤肉,商家名称候选,2,大语言模型：具体店名,已接受候选中票数唯一最高
182459,芒果咖啡,商家名称候选,3,票数不少于3,已接受候选中票数唯一最高
182637,粥底火锅,商家名称候选,3,票数不少于3,已接受候选中票数唯一最高
183244,美京,商家名称候选,2,大语言模型：具体店名,已接受候选中票数唯一最高
183255,沃尔玛,商家名称候选,2,大语言模型：具体店名,最高票并列，按排序第一项选择
183258,果度,商家名称候选,3,票数不少于3,已接受候选中票数唯一最高
183260,好又多,商家名称候选,3,票数不少于3,已接受候选中票数唯一最高
183268,货仓式超市,商家名称候选,3,票数不少于3,已接受候选中票数唯一最高
183280,泮溪酒家,商家名称候选,2,大语言模型：具体店名,已接受候选中票数唯一最高
183282,誉峰,商家名称候选,2,大语言模型：具体店名,已接受候选中票数唯一最高
183301,联华,商家名称候选,2,大语言模型：具体店名,已接受候选中票数唯一最高
183302,苏宁,平台/线上商家候选,2,大语言模型：平台/线上商家名,已接受候选中票数唯一最高
183307,书店,商家名称候选,3,票数不少于3,已接受候选中票数唯一最高
183317,上海旅游集散中心,商家名称候选,2,大语言模型：具体店名,已接受候选中票数唯一最高
183345,大观,商家名称候选,2,大语言模型：具体店名,已接受候选中票数唯一最高
183346,乐购,商家名称候选,4,票数不少于3,已接受候选中票数唯一最高
183359,沃尔玛,商家名称候选,2,大语言模型：具体店名,已接受候选中票数唯一最高
183379,麦德龙,商家名称候选,2,大语言模型：具体店名,已接受候选中票数唯一最高
183380,东副,商家名称候选,2,大语言模型：具体店名,已接受候选中票数唯一最高
183382,五爱市场,商家名称候选,3,票数不少于3,已接受候选中票数唯一最高
183383,友谊,商家名称候选,5,票数不少于3,已接受候选中票数唯一最高
183384,联营,商家名称候选,5,票数不少于3,已接受候选中票数唯一最高
183394,五星,商家名称候选,2,大语言模型：具体店名,最高票并列，按排序第一项选择
183402,新安,商家名称候选,2,大语言模型：具体店名,已接受候选中票数唯一最高
183404,美凯龙,商家名称候选,2,大语言模型：具体店名,已接受候选中票数唯一最高
183405,金元宝,商家名称候选,2,大语言模型：具体店名,已接受候选中票数唯一最高
183416,大润发超市,商家名称候选,4,票数不少于3,已接受候选中票数唯一最高
183419,中百,商家名称候选,2,大语言模型：具体店名,已接受候选中票数唯一最高
183429,现在超市,商家名称候选,3,票数不少于3,已接受候选中票数唯一最高
183441,集美,商家名称候选,3,票数不少于3,已接受候选中票数唯一最高
183444,国美,商家名称候选,5,票数不少于3,已接受候选中票数唯一最高
183445,苏宁,平台/线上商家候选,2,大语言模型：平台/线上商家名,已接受候选中票数唯一最高
183452,红英,商家名称候选,2,大语言模型：具体店名,已接受候选中票数唯一最高
183457,清真超市,商家名称候选,5,票数不少于3,已接受候选中票数唯一最高
183466,王府井书店,商家名称候选,2,大语言模型：具体店名,已接受候选中票数唯一最高
183471,方庄,商家名称候选,3,票数不少于3,已接受候选中票数唯一最高
183475,百货大楼,商家名称候选,2,大语言模型：具体店名,已接受候选中票数唯一最高
183491,淘宝,平台/线上商家候选,2,大语言模型：平台/线上商家名,已接受候选中票数唯一最高
183497,丽都饭店,商家名称候选,2,大语言模型：具体店名,已接受候选中票数唯一最高
183543,百佳超市,商家名称候选,4,票数不少于3,已接受候选中票数唯一最高
183569,城隍庙,商家名称候选,2,大语言模型：具体店名,已接受候选中票数唯一最高
183639,国内,商家名称候选,3,票数不少于3,已接受候选中票数唯一最高
183641,金盛,商家名称候选,2,大语言模型：具体店名,已接受候选中票数唯一最高
183643,乐购,商家名称候选,4,票数不少于3,已接受候选中票数唯一最高
183644,乐购,商家名称候选,3,票数不少于3,已接受候选中票数唯一最高
183645,家乐福,商家名称候选,3,票数不少于3,已接受候选中票数唯一最高
183648,华联吉,商家名称候选,2,大语言模型：具体店名,已接受候选中票数唯一最高
183649,华联超市,商家名称候选,8,票数不少于3,已接受候选中票数唯一最高
183652,永兴,商家名称候选,2,大语言模型：具体店名,已接受候选中票数唯一最高
183653,永乐,商家名称候选,3,票数不少于3,已接受候选中票数唯一最高
183655,易买得,商家名称候选,2,大语言模型：具体店名,已接受候选中票数唯一最高
183657,亚一,商家名称候选,3,票数不少于3,已接受候选中票数唯一最高
183663,苏宁电器,商家名称候选,3,票数不少于3,已接受候选中票数唯一最高
183666,龙之梦,商家名称候选,2,大语言模型：具体店名,已接受候选中票数唯一最高
183671,东方商厦,商家名称候选,2,大语言模型：具体店名,已接受候选中票数唯一最高
183673,大润发,商家名称候选,3,票数不少于3,已接受候选中票数唯一最高
183675,城市超市,商家名称候选,12,票数不少于3,已接受候选中票数唯一最高
183679,百安居,商家名称候选,3,票数不少于3,已接受候选中票数唯一最高
183681,福士,商家名称候选,2,大语言模型：具体店名,已接受候选中票数唯一最高
183787,屈臣氏,商家名称候选,2,大语言模型：具体店名,已接受候选中票数唯一最高
183921,自助火锅,商家名称候选,2,大语言模型：具体店名,已接受候选中票数唯一最高
184008,超市发超市,商家名称候选,2,大语言模型：具体店名,已接受候选中票数唯一最高
184175,宝岛,商家名称候选,2,大语言模型：具体店名,已接受候选中票数唯一最高
184216,苏宁,平台/线上商家候选,2,大语言模型：平台/线上商家名,已接受候选中票数唯一最高
184281,非常棒的便利店,商家名称候选,3,票数不少于3,已接受候选中票数唯一最高
184434,中关村图书大厦,商家名称候选,2,大语言模型：具体店名,已接受候选中票数唯一最高
184474,星巴克,商家名称候选,2,大语言模型：具体店名,已接受候选中票数唯一最高
184486,淘宝,平台/线上商家候选,2,大语言模型：平台/线上商家名,已接受候选中票数唯一最高
184551,美廉美超市,商家名称候选,2,大语言模型：具体店名,已接受候选中票数唯一最高
184567,伊势丹,商家名称候选,3,票数不少于3,已接受候选中票数唯一最高
184889,国美,商家名称候选,2,大语言模型：具体店名,已接受候选中票数唯一最高
185025,体育用品超市,商家名称候选,3,票数不少于3,已接受候选中票数唯一最高
185429,赛博,商家名称候选,2,大语言模型：具体店名,已接受候选中票数唯一最高
185597,味之都,商家名称候选,2,大语言模型：具体店名,已接受候选中票数唯一最高
185663,宏伊,商家名称候选,2,大语言模型：具体店名,已接受候选中票数唯一最高
185668,自助火锅,商家名称候选,4,票数不少于3,已接受候选中票数唯一最高
185951,吃饭超市,商家名称候选,2,大语言模型：具体店名,已接受候选中票数唯一最高
185966,屈臣氏,商家名称候选,5,票数不少于3,已接受候选中票数唯一最高
186051,凯宾斯基饭店,商家名称候选,2,大语言模型：具体店名,最高票并列，按排序第一项选择
186240,喝喝咖啡,商家名称候选,2,大语言模型：具体店名,最高票并列，按排序第一项选择
186505,米兰超市,商家名称候选,2,大语言模型：具体店名,已接受候选中票数唯一最高
186518,天津居,商家名称候选,2,大语言模型：具体店名,已接受候选中票数唯一最高
186539,红旗超市,商家名称候选,5,票数不少于3,已接受候选中票数唯一最高
186549,新玛特超市,商家名称候选,3,票数不少于3,已接受候选中票数唯一最高
186660,阳朔,商家名称候选,3,票数不少于3,已接受候选中票数唯一最高
186803,淘宝,平台/线上商家候选,2,大语言模型：平台/线上商家名,已接受候选中票数唯一最高
187036,天福,商家名称候选,2,大语言模型：具体店名,已接受候选中票数唯一最高
187069,家乐福,商家名称候选,3,票数不少于3,已接受候选中票数唯一最高
187183,沃尔玛,商家名称候选,2,大语言模型：具体店名,已接受候选中票数唯一最高
187415,萧山目前算是人气最旺的大型超市,商家名称候选,3,票数不少于3,已接受候选中票数唯一最高
187424,家乐福,商家名称候选,2,大语言模型：具体店名,已接受候选中票数唯一最高
187523,崇文门饭店,商家名称候选,2,大语言模型：具体店名,已接受候选中票数唯一最高
187689,日上,商家名称候选,5,票数不少于3,已接受候选中票数唯一最高
187774,国贸饭店,商家名称候选,5,票数不少于3,已接受候选中票数唯一最高
187824,自助餐厅,商家名称候选,3,票数不少于3,已接受候选中票数唯一最高
187854,神农庄园,商家名称候选,2,大语言模型：具体店名,已接受候选中票数唯一最高
188107,丝芙兰,商家名称候选,2,大语言模型：具体店名,已接受候选中票数唯一最高
188119,城大,商家名称候选,6,票数不少于3,已接受候选中票数唯一最高
188217,金融街,商家名称候选,3,票数不少于3,已接受候选中票数唯一最高
188258,周大福,商家名称候选,2,大语言模型：具体店名,已接受候选中票数唯一最高
188357,很浓郁的咖啡,商家名称候选,3,票数不少于3,已接受候选中票数唯一最高
188537,书城,商家名称候选,3,票数不少于3,已接受候选中票数唯一最高
188551,农工商超市,商家名称候选,4,票数不少于3,已接受候选中票数唯一最高
188648,淘宝,平台/线上商家候选,2,大语言模型：平台/线上商家名,已接受候选中票数唯一最高
188661,中关村,商家名称候选,4,票数不少于3,已接受候选中票数唯一最高
188787,华联超市,商家名称候选,3,票数不少于3,已接受候选中票数唯一最高
188902,苏宁,平台/线上商家候选,3,票数不少于3,已接受候选中票数唯一最高
189146,旁边的海底捞,商家名称候选,2,大语言模型：具体店名,已接受候选中票数唯一最高
189275,特力屋,商家名称候选,2,大语言模型：具体店名,已接受候选中票数唯一最高
189498,还有咖啡,商家名称候选,2,大语言模型：具体店名,已接受候选中票数唯一最高
189515,张一元,商家名称候选,4,票数不少于3,已接受候选中票数唯一最高
189580,淘宝,平台/线上商家候选,10,票数不少于3,已接受候选中票数唯一最高
189597,仙草奶茶,商家名称候选,3,票数不少于3,已接受候选中票数唯一最高
189768,物美超市,商家名称候选,4,票数不少于3,已接受候选中票数唯一最高
189999,娇兰佳人,商家名称候选,4,票数不少于3,已接受候选中票数唯一最高
190197,华联超市,商家名称候选,3,票数不少于3,已接受候选中票数唯一最高
190226,友谊宫,商家名称候选,3,票数不少于3,已接受候选中票数唯一最高
190365,85度c的咖啡,商家名称候选,2,大语言模型：具体店名,已接受候选中票数唯一最高
190518,驴妈妈上,商家名称候选,2,大语言模型：平台/线上商家名,已接受候选中票数唯一最高
190639,满记甜品,商家名称候选,2,大语言模型：具体店名,已接受候选中票数唯一最高
190740,理工餐厅,商家名称候选,5,票数不少于3,已接受候选中票数唯一最高
191059,国内,商家名称候选,4,票数不少于3,已接受候选中票数唯一最高
191070,屈臣氏,商家名称候选,2,大语言模型：具体店名,已接受候选中票数唯一最高
191574,淘宝,平台/线上商家候选,5,票数不少于3,已接受候选中票数唯一最高
192351,香港,商家名称候选,3,票数不少于3,已接受候选中票数唯一最高
192649,淘宝,平台/线上商家候选,8,票数不少于3,已接受候选中票数唯一最高
192745,网票网,商家名称候选,3,票数不少于3,最高票并列，按排序第一项选择
193180,金宝汇,商家名称候选,2,大语言模型：具体店名,已接受候选中票数唯一最高
193432,日本,商家名称候选,3,票数不少于3,已接受候选中票数唯一最高
193517,泰国,商家名称候选,5,票数不少于3,已接受候选中票数唯一最高
193997,沃尔玛,商家名称候选,2,大语言模型：具体店名,已接受候选中票数唯一最高
194340,悠唐,商家名称候选,2,大语言模型：具体店名,已接受候选中票数唯一最高
194395,随园中餐厅,商家名称候选,4,票数不少于3,已接受候选中票数唯一最高
194424,三号湾,商家名称候选,2,大语言模型：具体店名,最高票并列，按排序第一项选择
194496,扬州,商家名称候选,3,票数不少于3,已接受候选中票数唯一最高
194534,王宝和,商家名称候选,2,大语言模型：具体店名,已接受候选中票数唯一最高
194576,佳佳,商家名称候选,2,大语言模型：具体店名,已接受候选中票数唯一最高
194732,还有火锅,商家名称候选,3,票数不少于3,已接受候选中票数唯一最高
195573,久光,商家名称候选,2,大语言模型：具体店名,已接受候选中票数唯一最高
196114,武汉天地,商家名称候选,3,票数不少于3,已接受候选中票数唯一最高
196182,一杯咖啡,商家名称候选,2,大语言模型：具体店名,最高票并列，按排序第一项选择
196557,朱家角旅游的时候,商家名称候选,3,票数不少于3,已接受候选中票数唯一最高
196678,印象城,商家名称候选,2,大语言模型：具体店名,已接受候选中票数唯一最高
197030,右安门快乐娃,商家名称候选,2,大语言模型：具体店名,最高票并列，按排序第一项选择
197802,ihush上,商家名称候选,2,大语言模型：平台/线上商家名,已接受候选中票数唯一最高
198050,香港,商家名称候选,4,票数不少于3,已接受候选中票数唯一最高
198371,全家,商家名称候选,2,大语言模型：具体店名,已接受候选中票数唯一最高
198452,招牌咖啡,商家名称候选,2,大语言模型：具体店名,已接受候选中票数唯一最高
198478,翠宫饭店,商家名称候选,5,票数不少于3,已接受候选中票数唯一最高
198653,三商巧福,商家名称候选,2,大语言模型：具体店名,已接受候选中票数唯一最高
198986,龙之梦,商家名称候选,4,票数不少于3,已接受候选中票数唯一最高
199041,宝寿司,商家名称候选,2,大语言模型：具体店名,已接受候选中票数唯一最高
199394,BHG超市,商家名称候选,2,大语言模型：具体店名,已接受候选中票数唯一最高
199887,休息室,商家名称候选,3,票数不少于3,已接受候选中票数唯一最高
200219,它家,商家名称候选,3,票数不少于3,已接受候选中票数唯一最高
200330,日航饭店,商家名称候选,2,大语言模型：具体店名,已接受候选中票数唯一最高
201033,香港,商家名称候选,3,票数不少于3,已接受候选中票数唯一最高
201648,泰象隆东南亚海鲜美食餐厅,商家名称候选,3,票数不少于3,已接受候选中票数唯一最高
201826,糖皇甜品,商家名称候选,2,大语言模型：具体店名,已接受候选中票数唯一最高
202289,kitty主题餐厅,商家名称候选,2,大语言模型：具体店名,已接受候选中票数唯一最高
202648,可得网,平台/线上商家候选,3,票数不少于3,已接受候选中票数唯一最高
205743,24小时便利店,商家名称候选,3,票数不少于3,已接受候选中票数唯一最高
205776,很好,商家名称候选,3,票数不少于3,已接受候选中票数唯一最高
205841,福楼,商家名称候选,2,大语言模型：具体店名,已接受候选中票数唯一最高
205991,辛香汇,商家名称候选,3,票数不少于3,已接受候选中票数唯一最高
206226,金鼎轩,商家名称候选,2,大语言模型：具体店名,已接受候选中票数唯一最高
206659,皇后餐厅,商家名称候选,2,大语言模型：具体店名,已接受候选中票数唯一最高
207015,和城市超市,商家名称候选,3,票数不少于3,已接受候选中票数唯一最高
208869,成都,商家名称候选,3,票数不少于3,已接受候选中票数唯一最高
212062,港式茶餐厅,商家名称候选,4,票数不少于3,已接受候选中票数唯一最高
212371,物美超市,商家名称候选,4,票数不少于3,已接受候选中票数唯一最高
212375,王府井,商家名称候选,6,票数不少于3,已接受候选中票数唯一最高
212376,正佳,商家名称候选,2,大语言模型：具体店名,最高票并列，按排序第一项选择
212377,好又多,商家名称候选,3,票数不少于3,已接受候选中票数唯一最高
212404,鹿鸣酒家,商家名称候选,2,大语言模型：具体店名,已接受候选中票数唯一最高
212425,解百,商家名称候选,4,票数不少于3,已接受候选中票数唯一最高
212477,百佳超市,商家名称候选,2,大语言模型：具体店名,已接受候选中票数唯一最高
212479,麦德龙,商家名称候选,2,大语言模型：具体店名,已接受候选中票数唯一最高
212498,家乐福,商家名称候选,4,票数不少于3,已接受候选中票数唯一最高
212499,乐购,商家名称候选,5,票数不少于3,已接受候选中票数唯一最高
212500,大润发,商家名称候选,3,票数不少于3,最高票并列，按排序第一项选择
212508,国美,商家名称候选,4,票数不少于3,已接受候选中票数唯一最高
212510,大洋,商家名称候选,5,票数不少于3,已接受候选中票数唯一最高
212515,人人乐超市,商家名称候选,3,票数不少于3,已接受候选中票数唯一最高
212520,友谊商厦,商家名称候选,2,大语言模型：具体店名,已接受候选中票数唯一最高
212534,麦德龙,商家名称候选,2,大语言模型：具体店名,已接受候选中票数唯一最高
212535,周大福,商家名称候选,3,票数不少于3,已接受候选中票数唯一最高
212541,国美,商家名称候选,3,票数不少于3,已接受候选中票数唯一最高
212542,王府井,商家名称候选,7,票数不少于3,已接受候选中票数唯一最高
212546,外面,商家名称候选,3,票数不少于3,已接受候选中票数唯一最高
212557,物美超市,商家名称候选,2,大语言模型：具体店名,最高票并列，按排序第一项选择
212559,沃尔玛,商家名称候选,3,票数不少于3,已接受候选中票数唯一最高
212560,百脑汇,商家名称候选,4,票数不少于3,已接受候选中票数唯一最高
212571,国美,商家名称候选,3,票数不少于3,已接受候选中票数唯一最高
212595,西单商场,商家名称候选,2,大语言模型：具体店名,已接受候选中票数唯一最高
212674,麦德龙超市,商家名称候选,2,大语言模型：具体店名,已接受候选中票数唯一最高
212700,旋转餐厅,商家名称候选,5,票数不少于3,已接受候选中票数唯一最高
212731,易买得,商家名称候选,2,大语言模型：具体店名,已接受候选中票数唯一最高
212788,屈臣氏,商家名称候选,8,票数不少于3,已接受候选中票数唯一最高
212790,欧尚超市,商家名称候选,5,票数不少于3,已接受候选中票数唯一最高
212793,香港,商家名称候选,4,票数不少于3,已接受候选中票数唯一最高
212796,乐购,商家名称候选,3,票数不少于3,已接受候选中票数唯一最高
212805,永乐,商家名称候选,2,大语言模型：具体店名,已接受候选中票数唯一最高
212811,太平洋,商家名称候选,2,大语言模型：具体店名,已接受候选中票数唯一最高
212812,苏宁,平台/线上商家候选,3,票数不少于3,已接受候选中票数唯一最高
212814,苏宁,平台/线上商家候选,8,票数不少于3,已接受候选中票数唯一最高
212820,东明,商家名称候选,3,票数不少于3,已接受候选中票数唯一最高
212822,七浦路,商家名称候选,2,大语言模型：具体店名,最高票并列，按排序第一项选择
212825,恒隆,商家名称候选,2,大语言模型：具体店名,已接受候选中票数唯一最高
212830,香港,商家名称候选,3,票数不少于3,已接受候选中票数唯一最高
212840,沃尔玛,商家名称候选,2,大语言模型：具体店名,已接受候选中票数唯一最高
212852,屈臣氏,商家名称候选,4,票数不少于3,已接受候选中票数唯一最高
212865,华堂超市,商家名称候选,3,票数不少于3,已接受候选中票数唯一最高
212879,当当,平台/线上商家候选,2,大语言模型：平台/线上商家名,已接受候选中票数唯一最高
212891,丰泽,商家名称候选,4,票数不少于3,已接受候选中票数唯一最高
212898,老电影咖啡,商家名称候选,2,大语言模型：具体店名,已接受候选中票数唯一最高
212914,大润发,商家名称候选,2,大语言模型：具体店名,已接受候选中票数唯一最高
212938,吉之岛,商家名称候选,2,大语言模型：具体店名,已接受候选中票数唯一最高
213010,花园饭店,商家名称候选,8,票数不少于3,已接受候选中票数唯一最高
213014,购书中心,商家名称候选,3,票数不少于3,已接受候选中票数唯一最高
213021,大西洋,商家名称候选,2,大语言模型：具体店名,已接受候选中票数唯一最高
213033,江苏饭店,商家名称候选,3,票数不少于3,已接受候选中票数唯一最高
213119,淘宝,平台/线上商家候选,3,票数不少于3,已接受候选中票数唯一最高
213309,书市,商家名称候选,2,大语言模型：具体店名,已接受候选中票数唯一最高
213312,恒大,商家名称候选,4,票数不少于3,已接受候选中票数唯一最高
213447,淘宝,平台/线上商家候选,2,大语言模型：平台/线上商家名,已接受候选中票数唯一最高
213570,喝喝咖啡,商家名称候选,3,票数不少于3,已接受候选中票数唯一最高
213662,久光超市,商家名称候选,3,票数不少于3,最高票并列，按排序第一项选择
213783,中关村,商家名称候选,5,票数不少于3,已接受候选中票数唯一最高
214110,比较小的超市,商家名称候选,3,票数不少于3,已接受候选中票数唯一最高
214168,物美,商家名称候选,4,票数不少于3,已接受候选中票数唯一最高
214316,沃尔玛超市,商家名称候选,3,票数不少于3,已接受候选中票数唯一最高
214354,上海,商家名称候选,4,票数不少于3,已接受候选中票数唯一最高
214459,北辰,商家名称候选,10,票数不少于3,已接受候选中票数唯一最高
214692,药店,商家名称候选,3,票数不少于3,已接受候选中票数唯一最高
214708,周生生,商家名称候选,2,大语言模型：具体店名,已接受候选中票数唯一最高
215037,红星美凯龙,商家名称候选,2,大语言模型：具体店名,已接受候选中票数唯一最高
215075,昆山,商家名称候选,3,票数不少于3,已接受候选中票数唯一最高
215308,上海,商家名称候选,3,票数不少于3,已接受候选中票数唯一最高
215517,状元坊,商家名称候选,2,大语言模型：具体店名,已接受候选中票数唯一最高
215591,旋转餐厅,商家名称候选,5,票数不少于3,已接受候选中票数唯一最高
215615,亮视点,商家名称候选,2,大语言模型：具体店名,已接受候选中票数唯一最高
215641,洋葱餐厅,商家名称候选,3,票数不少于3,已接受候选中票数唯一最高
215688,海鲜火锅,商家名称候选,2,大语言模型：具体店名,已接受候选中票数唯一最高
215733,苏宁,平台/线上商家候选,6,票数不少于3,已接受候选中票数唯一最高
215858,上岛咖啡,商家名称候选,2,大语言模型：具体店名,最高票并列，按排序第一项选择
216093,国际饭店,商家名称候选,18,票数不少于3,已接受候选中票数唯一最高
216631,城市超市,商家名称候选,2,大语言模型：具体店名,已接受候选中票数唯一最高
216647,国美,商家名称候选,4,票数不少于3,已接受候选中票数唯一最高
216671,屈臣氏,商家名称候选,2,大语言模型：具体店名,已接受候选中票数唯一最高
216850,东华美钻,商家名称候选,2,大语言模型：具体店名,已接受候选中票数唯一最高
216873,他家的奶茶,商家名称候选,3,票数不少于3,已接受候选中票数唯一最高
216875,旋转餐厅,商家名称候选,2,大语言模型：具体店名,已接受候选中票数唯一最高
216967,喝杯咖啡,商家名称候选,2,大语言模型：具体店名,已接受候选中票数唯一最高
216993,建国饭店,商家名称候选,5,票数不少于3,已接受候选中票数唯一最高
217092,易果网上,商家名称候选,4,票数不少于3,已接受候选中票数唯一最高
217176,家乐福,商家名称候选,2,大语言模型：具体店名,已接受候选中票数唯一最高
217209,吉之岛,商家名称候选,2,大语言模型：具体店名,已接受候选中票数唯一最高
217341,龙之梦,商家名称候选,3,票数不少于3,已接受候选中票数唯一最高
217402,钻石小鸟,商家名称候选,5,票数不少于3,已接受候选中票数唯一最高
217443,城市超市,商家名称候选,2,大语言模型：具体店名,最高票并列，按排序第一项选择
217584,淘宝,平台/线上商家候选,6,票数不少于3,已接受候选中票数唯一最高
217718,东方CJ,商家名称候选,8,票数不少于3,已接受候选中票数唯一最高
217725,华普超市,商家名称候选,3,票数不少于3,已接受候选中票数唯一最高
217900,烤珍珠奶茶,商家名称候选,3,票数不少于3,最高票并列，按排序第一项选择
217913,紫玉饭店,商家名称候选,2,大语言模型：具体店名,已接受候选中票数唯一最高
217984,家乐福,商家名称候选,4,票数不少于3,已接受候选中票数唯一最高
218550,优衣库,商家名称候选,3,票数不少于3,已接受候选中票数唯一最高
218571,淘宝,平台/线上商家候选,2,大语言模型：平台/线上商家名,已接受候选中票数唯一最高
218586,老凤祥,商家名称候选,3,票数不少于3,已接受候选中票数唯一最高
218617,米索斯希腊餐厅,商家名称候选,2,大语言模型：具体店名,已接受候选中票数唯一最高
218621,热风,商家名称候选,2,大语言模型：具体店名,已接受候选中票数唯一最高
218638,淘宝,平台/线上商家候选,7,票数不少于3,已接受候选中票数唯一最高
218875,越富,商家名称候选,3,票数不少于3,已接受候选中票数唯一最高
218972,上海,商家名称候选,3,票数不少于3,已接受候选中票数唯一最高
219042,伊势丹超市,商家名称候选,4,票数不少于3,已接受候选中票数唯一最高
219202,海盗船,商家名称候选,2,大语言模型：具体店名,已接受候选中票数唯一最高
219363,法宝超市,商家名称候选,2,大语言模型：具体店名,已接受候选中票数唯一最高
219566,红孩子,商家名称候选,9,票数不少于3,已接受候选中票数唯一最高
219672,文峰超市,商家名称候选,7,票数不少于3,已接受候选中票数唯一最高
219871,大润发,商家名称候选,2,大语言模型：具体店名,已接受候选中票数唯一最高
219958,这种地方,商家名称候选,3,票数不少于3,已接受候选中票数唯一最高
220262,都会,商家名称候选,3,票数不少于3,已接受候选中票数唯一最高
220344,老凤祥,商家名称候选,2,大语言模型：具体店名,已接受候选中票数唯一最高
220412,石头记,商家名称候选,2,大语言模型：具体店名,已接受候选中票数唯一最高
220437,金茂北京威斯汀大饭店,商家名称候选,2,大语言模型：具体店名,已接受候选中票数唯一最高
220754,京东,平台/线上商家候选,27,票数不少于3,已接受候选中票数唯一最高
221058,群光超市,商家名称候选,4,票数不少于3,已接受候选中票数唯一最高
221189,国泰超市,商家名称候选,2,大语言模型：具体店名,已接受候选中票数唯一最高
221380,老百姓大药房,商家名称候选,2,大语言模型：具体店名,已接受候选中票数唯一最高
221833,上岛咖啡,商家名称候选,3,票数不少于3,已接受候选中票数唯一最高
221985,白鹅潭风情酒吧,商家名称候选,3,票数不少于3,已接受候选中票数唯一最高
222089,女仆咖啡,商家名称候选,3,票数不少于3,已接受候选中票数唯一最高
222563,和平饭店,商家名称候选,2,大语言模型：具体店名,已接受候选中票数唯一最高
222833,以前的百佳超市,商家名称候选,2,大语言模型：具体店名,已接受候选中票数唯一最高
223024,大众超市,商家名称候选,2,大语言模型：具体店名,最高票并列，按排序第一项选择
223088,淘宝,平台/线上商家候选,2,大语言模型：平台/线上商家名,已接受候选中票数唯一最高
223311,热风,商家名称候选,2,大语言模型：具体店名,已接受候选中票数唯一最高
223697,绿茶餐厅,商家名称候选,7,票数不少于3,已接受候选中票数唯一最高
223970,冰镇奶茶,商家名称候选,3,票数不少于3,最高票并列，按排序第一项选择
224086,蛋糕奶茶,商家名称候选,3,票数不少于3,已接受候选中票数唯一最高
224208,喝着咖啡,商家名称候选,3,票数不少于3,已接受候选中票数唯一最高
224710,随便,商家名称候选,3,票数不少于3,已接受候选中票数唯一最高
224781,永辉超市,商家名称候选,4,票数不少于3,已接受候选中票数唯一最高
224822,银泰,商家名称候选,2,大语言模型：具体店名,已接受候选中票数唯一最高
225012,家乐福,商家名称候选,22,票数不少于3,已接受候选中票数唯一最高
225279,凡客诚品,平台/线上商家候选,9,票数不少于3,已接受候选中票数唯一最高
225338,淘宝,平台/线上商家候选,2,大语言模型：平台/线上商家名,已接受候选中票数唯一最高
225513,百联,商家名称候选,2,大语言模型：具体店名,已接受候选中票数唯一最高
225553,四楼,商家名称候选,3,票数不少于3,已接受候选中票数唯一最高
225656,全洲超市,商家名称候选,3,票数不少于3,已接受候选中票数唯一最高
226000,华润超市,商家名称候选,2,大语言模型：具体店名,已接受候选中票数唯一最高
226026,美邦,商家名称候选,2,大语言模型：具体店名,已接受候选中票数唯一最高
226436,别的超市,商家名称候选,3,票数不少于3,已接受候选中票数唯一最高
226489,移动卖吧,商家名称候选,2,大语言模型：具体店名,已接受候选中票数唯一最高
226552,迪卡侬,商家名称候选,2,大语言模型：具体店名,已接受候选中票数唯一最高
226620,金英,商家名称候选,3,票数不少于3,已接受候选中票数唯一最高
226741,家乐福,商家名称候选,2,大语言模型：具体店名,已接受候选中票数唯一最高
227026,丝芙兰,商家名称候选,2,大语言模型：具体店名,已接受候选中票数唯一最高
227060,稻香酒家,商家名称候选,2,大语言模型：具体店名,已接受候选中票数唯一最高
227181,外婆桥,商家名称候选,2,大语言模型：具体店名,已接受候选中票数唯一最高
227396,BHG超市,商家名称候选,2,大语言模型：具体店名,已接受候选中票数唯一最高
227498,万达,商家名称候选,2,大语言模型：具体店名,已接受候选中票数唯一最高
228068,北海道奶茶,商家名称候选,3,票数不少于3,已接受候选中票数唯一最高
228780,罗森,商家名称候选,3,票数不少于3,已接受候选中票数唯一最高
229686,淑萍时尚餐厅,商家名称候选,2,大语言模型：具体店名,已接受候选中票数唯一最高
230048,永旺超市,商家名称候选,2,大语言模型：具体店名,已接受候选中票数唯一最高
230678,B1超市,商家名称候选,3,票数不少于3,已接受候选中票数唯一最高
230895,易买得超市,商家名称候选,2,大语言模型：具体店名,已接受候选中票数唯一最高
230983,全家,商家名称候选,4,票数不少于3,已接受候选中票数唯一最高
231144,喝喝咖啡,商家名称候选,2,大语言模型：具体店名,已接受候选中票数唯一最高
231377,苏州,商家名称候选,6,票数不少于3,已接受候选中票数唯一最高
231558,拉手,商家名称候选,2,大语言模型：平台/线上商家名,已接受候选中票数唯一最高
231939,白胡子奶茶,商家名称候选,4,票数不少于3,已接受候选中票数唯一最高
232460,别的超市,商家名称候选,3,票数不少于3,已接受候选中票数唯一最高
233235,港式奶茶,商家名称候选,10,票数不少于3,已接受候选中票数唯一最高
233260,万得城,商家名称候选,4,票数不少于3,已接受候选中票数唯一最高
233601,永辉超市,商家名称候选,6,票数不少于3,已接受候选中票数唯一最高
233733,淘宝,平台/线上商家候选,2,大语言模型：平台/线上商家名,已接受候选中票数唯一最高
234531,新旺,商家名称候选,2,大语言模型：具体店名,最高票并列，按排序第一项选择
235994,还有餐厅,商家名称候选,3,票数不少于3,已接受候选中票数唯一最高
236385,龙柏饭店,商家名称候选,4,票数不少于3,已接受候选中票数唯一最高
236397,招牌奶茶,商家名称候选,4,票数不少于3,最高票并列，按排序第一项选择
241289,谭鱼头火锅,商家名称候选,2,大语言模型：具体店名,已接受候选中票数唯一最高
242969,北京饭店,商家名称候选,7,票数不少于3,已接受候选中票数唯一最高
